filename,table size,table assoc,buffer size,benchmark,sim_num_insn,sim_num_refs,sim_num_loads,sim_num_stores,sim_num_branches,sim_elapsed_time,sim_inst_rate,sim_total_insn,sim_total_refs,sim_total_loads,sim_total_stores,sim_total_branches,sim_cycle,sim_IPC,sim_CPI,sim_exec_BW,sim_IPB,IFQ_count,IFQ_fcount,ifq_occupancy,ifq_rate,ifq_latency,ifq_full,RUU_count,RUU_fcount,ruu_occupancy,ruu_rate,ruu_latency,ruu_full,LSQ_count,LSQ_fcount,lsq_occupancy,lsq_rate,lsq_latency,lsq_full,sim_slip,avg_sim_slip,bpred_bimod.lookups,bpred_bimod.updates,bpred_bimod.addr_hits,bpred_bimod.dir_hits,bpred_bimod.misses,bpred_bimod.jr_hits,bpred_bimod.jr_seen,bpred_bimod.jr_non_ras_hits.PP,bpred_bimod.jr_non_ras_seen.PP,bpred_bimod.bpred_addr_rate,bpred_bimod.bpred_dir_rate,bpred_bimod.bpred_jr_rate,bpred_bimod.bpred_jr_non_ras_rate.PP,bpred_bimod.retstack_pushes,bpred_bimod.retstack_pops,bpred_bimod.used_ras.PP,bpred_bimod.ras_hits.PP,bpred_bimod.ras_rate.PP,il1.accesses,il1.hits,il1.misses,il1.replacements,il1.writebacks,il1.invalidations,il1.insertions,il1.miss_rate,il1.repl_rate,il1.wb_rate,il1.inv_rate,dl1.accesses,dl1.hits,dl1.misses,dl1.replacements,dl1.writebacks,dl1.invalidations,dl1.insertions,dl1.miss_rate,dl1.repl_rate,dl1.wb_rate,dl1.inv_rate,ptrace.accesses,ptrace.hits,ptrace.misses,ptrace.replacements,ptrace.writebacks,ptrace.invalidations,ptrace.insertions,ptrace.miss_rate,ptrace.repl_rate,ptrace.wb_rate,ptrace.inv_rate,pbuffer.accesses,pbuffer.hits,pbuffer.misses,pbuffer.replacements,pbuffer.writebacks,pbuffer.invalidations,pbuffer.insertions,pbuffer.miss_rate,pbuffer.repl_rate,pbuffer.wb_rate,pbuffer.inv_rate,dl1,ul2.accesses,ul2.hits,ul2.misses,ul2.replacements,ul2.writebacks,ul2.invalidations,ul2.insertions,ul2.miss_rate,ul2.repl_rate,ul2.wb_rate,ul2.inv_rate,itlb.accesses,itlb.hits,itlb.misses,itlb.replacements,itlb.writebacks,itlb.invalidations,itlb.insertions,itlb.miss_rate,itlb.repl_rate,itlb.wb_rate,itlb.inv_rate,dtlb.accesses,dtlb.hits,dtlb.misses,dtlb.replacements,dtlb.writebacks,dtlb.invalidations,dtlb.insertions,dtlb.miss_rate,dtlb.repl_rate,dtlb.wb_rate,dtlb.inv_rate,sim_invalid_addrs,ld_text_base,ld_text_size,ld_data_base,ld_data_size,ld_stack_base,ld_stack_size,ld_prog_entry,ld_environ_base,ld_target_big_endian,mem.page_count,mem.page_mem,mem.ptab_misses,mem.ptab_accesses,mem.ptab_miss_rate
run2/ts04096-ta04-bs08-anagram.txt,4096,4,8,anagram,4931,1834,875,959.0,879,1,4931.0,5903,2077,1031,1046.0,1020,12974,0.3801,2.6311,0.455,5.6098,10414,2227,0.8027,0.455,1.7642,0.1717,41711,911,3.215,0.455,7.0661,0.0702,15060,398,1.1608,0.455,2.5512,0.0307,57483,11.6575,1065,879,484,692,187,101,165,11,33,0.5506,0.7873,0.6121,0.3333,175,168,132,90,0.6818,6407,5936,471,177,0,0,0,0.0735,0.0276,0.0,0.0,1874,1608,266,0,0,0,0,0.1419,0.0,0.0,0.0,0,0,0,36,0,0,394,<error:,<error:,<error:,<error:,100,0,100,0,0,0,0,1.0,0.0,0.0,0.0,miss,737,342,395,0,0,0,0,0.536,0.0,0.0,0.0,6407,6390,17,0,0,0,0,0.0027,0.0,0.0,0.0,1883,1873,10,0,0,0,0,0.0053,0.0,0.0,0.0,0,0x0120000000,106496,0x0140000000,71264,0x011ff9b000,16384,0x01200059c0,0x011ff97000,0,20,160k,30,269856,0.0001
run2/ts04096-ta04-bs08-gcc.txt,4096,4,8,gcc,337341091,121898433,83205319,38693114.0,58872880,674,500506.0697,395814072,143421300,100694806,42726494.0,68746803,271518109,1.2424,0.8049,1.4578,5.73,616388131,136292199,2.2702,1.4578,1.5573,0.502,2279262917,64779416,8.3945,1.4578,5.7584,0.2386,828644765,30689321,3.0519,1.4578,2.0935,0.113,3249147470,9.6316,72295058,58872880,50990954,52584678,6288202,4974580,6304002,534855,1713371,0.8661,0.8932,0.7891,0.3122,5889852,5596761,4590631,4439725,0.9671,427319020,415492224,11826796,11826284,0,0,0,0.0277,0.0277,0.0,0.0,128811422,125347781,3463641,3463129,901670,0,0,0.0269,0.0269,0.007,0.0,0,0,0,822214,0,0,822726,<error:,<error:,<error:,<error:,2892719,1208,2891511,5836,0,1381,7508,0.9996,0.002,0.0,0.0005,miss,15492783,14668433,824350,820254,300096,0,0,0.0532,0.0529,0.0194,0.0,427319020,427202355,116665,116601,0,0,0,0.0003,0.0003,0.0,0.0,129834522,129787557,46965,46837,0,0,0,0.0004,0.0004,0.0,0.0,0,0x0120000000,1564672,0x0140000000,277104,0x011ff9b000,16384,0x0120025f70,0x011ff97000,0,656,5248k,950763,2661271151,0.0004
run2/ts04096-ta04-bs16-anagram.txt,4096,4,16,anagram,4931,1834,875,959.0,879,1,4931.0,5903,2077,1031,1046.0,1020,12974,0.3801,2.6311,0.455,5.6098,10414,2227,0.8027,0.455,1.7642,0.1717,41711,911,3.215,0.455,7.0661,0.0702,15060,398,1.1608,0.455,2.5512,0.0307,57483,11.6575,1065,879,484,692,187,101,165,11,33,0.5506,0.7873,0.6121,0.3333,175,168,132,90,0.6818,6407,5936,471,177,0,0,0,0.0735,0.0276,0.0,0.0,1874,1608,266,0,0,0,0,0.1419,0.0,0.0,0.0,0,0,0,36,0,0,394,<error:,<error:,<error:,<error:,100,0,100,0,0,0,0,1.0,0.0,0.0,0.0,miss,737,342,395,0,0,0,0,0.536,0.0,0.0,0.0,6407,6390,17,0,0,0,0,0.0027,0.0,0.0,0.0,1883,1873,10,0,0,0,0,0.0053,0.0,0.0,0.0,0,0x0120000000,106496,0x0140000000,71264,0x011ff9b000,16384,0x01200059c0,0x011ff97000,0,20,160k,30,269856,0.0001
run2/ts04096-ta04-bs16-gcc.txt,4096,4,16,gcc,337341091,121898433,83205319,38693114.0,58872880,686,491750.8615,395814034,143421299,100694799,42726500.0,68746801,271516139,1.2424,0.8049,1.4578,5.73,616381275,136290496,2.2701,1.4578,1.5572,0.502,2279230395,64777806,8.3945,1.4578,5.7583,0.2386,828633165,30688891,3.0519,1.4578,2.0935,0.113,3249109000,9.6315,72295055,58872880,50990953,52584678,6288202,4974579,6304002,534855,1713371,0.8661,0.8932,0.7891,0.3122,5889853,5596759,4590631,4439724,0.9671,427318982,415492194,11826788,11826276,0,0,0,0.0277,0.0277,0.0,0.0,128811400,125347757,3463643,3463131,901671,0,0,0.0269,0.0269,0.007,0.0,0,0,0,822138,0,0,822650,<error:,<error:,<error:,<error:,2892719,1522,2891197,5401,0,1740,7541,0.9995,0.0019,0.0,0.0006,miss,15492396,14668174,824222,820126,300027,0,0,0.0532,0.0529,0.0194,0.0,427318982,427202317,116665,116601,0,0,0,0.0003,0.0003,0.0,0.0,129834492,129787527,46965,46837,0,0,0,0.0004,0.0004,0.0,0.0,0,0x0120000000,1564672,0x0140000000,277104,0x011ff9b000,16384,0x0120025f70,0x011ff97000,0,656,5248k,950763,2661271011,0.0004
run2/ts04096-ta04-bs32-anagram.txt,4096,4,32,anagram,4931,1834,875,959.0,879,1,4931.0,5903,2077,1031,1046.0,1020,12974,0.3801,2.6311,0.455,5.6098,10414,2227,0.8027,0.455,1.7642,0.1717,41711,911,3.215,0.455,7.0661,0.0702,15060,398,1.1608,0.455,2.5512,0.0307,57483,11.6575,1065,879,484,692,187,101,165,11,33,0.5506,0.7873,0.6121,0.3333,175,168,132,90,0.6818,6407,5936,471,177,0,0,0,0.0735,0.0276,0.0,0.0,1874,1608,266,0,0,0,0,0.1419,0.0,0.0,0.0,0,0,0,36,0,0,394,<error:,<error:,<error:,<error:,100,0,100,0,0,0,0,1.0,0.0,0.0,0.0,miss,737,342,395,0,0,0,0,0.536,0.0,0.0,0.0,6407,6390,17,0,0,0,0,0.0027,0.0,0.0,0.0,1883,1873,10,0,0,0,0,0.0053,0.0,0.0,0.0,0,0x0120000000,106496,0x0140000000,71264,0x011ff9b000,16384,0x01200059c0,0x011ff97000,0,20,160k,30,269856,0.0001
run2/ts04096-ta04-bs32-gcc.txt,4096,4,32,gcc,337341091,121898433,83205319,38693114.0,58872880,676,499025.2825,395814000,143421287,100694795,42726492.0,68746805,271514911,1.2424,0.8049,1.4578,5.73,616376064,136289208,2.2701,1.4578,1.5572,0.502,2279206885,64776765,8.3944,1.4578,5.7583,0.2386,828624172,30688480,3.0519,1.4578,2.0935,0.113,3249081292,9.6314,72295042,58872880,50990952,52584678,6288202,4974578,6304002,534855,1713371,0.8661,0.8932,0.7891,0.3122,5889852,5596755,4590631,4439723,0.9671,427318942,415492158,11826784,11826272,0,0,0,0.0277,0.0277,0.0,0.0,128811387,125347748,3463639,3463127,901670,0,0,0.0269,0.0269,0.007,0.0,0,0,0,822108,0,0,822620,<error:,<error:,<error:,<error:,2892716,1796,2890920,4895,0,2090,7571,0.9994,0.0017,0.0,0.0007,miss,15491972,14667848,824124,820028,299987,0,0,0.0532,0.0529,0.0194,0.0,427318942,427202277,116665,116601,0,0,0,0.0003,0.0003,0.0,0.0,129834477,129787512,46965,46837,0,0,0,0.0004,0.0004,0.0,0.0,0,0x0120000000,1564672,0x0140000000,277104,0x011ff9b000,16384,0x0120025f70,0x011ff97000,0,656,5248k,950763,2661270927,0.0004
run2/ts04096-ta08-bs08-anagram.txt,4096,8,8,anagram,4931,1834,875,959.0,879,1,4931.0,5903,2077,1031,1046.0,1020,12974,0.3801,2.6311,0.455,5.6098,10414,2227,0.8027,0.455,1.7642,0.1717,41711,911,3.215,0.455,7.0661,0.0702,15060,398,1.1608,0.455,2.5512,0.0307,57483,11.6575,1065,879,484,692,187,101,165,11,33,0.5506,0.7873,0.6121,0.3333,175,168,132,90,0.6818,6407,5936,471,177,0,0,0,0.0735,0.0276,0.0,0.0,1874,1608,266,0,0,0,0,0.1419,0.0,0.0,0.0,0,0,0,3,0,0,394,<error:,<error:,<error:,<error:,100,0,100,0,0,0,0,1.0,0.0,0.0,0.0,miss,737,342,395,0,0,0,0,0.536,0.0,0.0,0.0,6407,6390,17,0,0,0,0,0.0027,0.0,0.0,0.0,1883,1873,10,0,0,0,0,0.0053,0.0,0.0,0.0,0,0x0120000000,106496,0x0140000000,71264,0x011ff9b000,16384,0x01200059c0,0x011ff97000,0,20,160k,30,269856,0.0001
run2/ts04096-ta08-bs08-gcc.txt,4096,8,8,gcc,337341091,121898433,83205319,38693114.0,58872880,683,493910.8214,395814045,143421249,100694781,42726468.0,68746786,271501325,1.2425,0.8048,1.4579,5.73,616370221,136287802,2.2702,1.4579,1.5572,0.502,2279176184,64774354,8.3947,1.4579,5.7582,0.2386,828615791,30688807,3.052,1.4579,2.0934,0.113,3249051026,9.6314,72295013,58872880,50990926,52584677,6288203,4974552,6304002,534855,1713371,0.8661,0.8932,0.7891,0.3122,5889857,5596756,4590631,4439697,0.9671,427319022,415492222,11826800,11826288,0,0,0,0.0277,0.0277,0.0,0.0,128811389,125347733,3463656,3463144,901673,0,0,0.0269,0.0269,0.007,0.0,0,0,0,821462,0,0,821974,<error:,<error:,<error:,<error:,2892732,1833,2890899,10954,0,2080,14050,0.9994,0.0038,0.0,0.0007,miss,15497998,14672930,825068,820972,300199,0,0,0.0532,0.053,0.0194,0.0,427319022,427202359,116663,116599,0,0,0,0.0003,0.0003,0.0,0.0,129834481,129787513,46968,46840,0,0,0,0.0004,0.0004,0.0,0.0,0,0x0120000000,1564672,0x0140000000,277104,0x011ff9b000,16384,0x0120025f70,0x011ff97000,0,656,5248k,950761,2661271053,0.0004
run2/ts04096-ta08-bs16-anagram.txt,4096,8,16,anagram,4931,1834,875,959.0,879,1,4931.0,5903,2077,1031,1046.0,1020,12974,0.3801,2.6311,0.455,5.6098,10414,2227,0.8027,0.455,1.7642,0.1717,41711,911,3.215,0.455,7.0661,0.0702,15060,398,1.1608,0.455,2.5512,0.0307,57483,11.6575,1065,879,484,692,187,101,165,11,33,0.5506,0.7873,0.6121,0.3333,175,168,132,90,0.6818,6407,5936,471,177,0,0,0,0.0735,0.0276,0.0,0.0,1874,1608,266,0,0,0,0,0.1419,0.0,0.0,0.0,0,0,0,3,0,0,394,<error:,<error:,<error:,<error:,100,0,100,0,0,0,0,1.0,0.0,0.0,0.0,miss,737,342,395,0,0,0,0,0.536,0.0,0.0,0.0,6407,6390,17,0,0,0,0,0.0027,0.0,0.0,0.0,1883,1873,10,0,0,0,0,0.0053,0.0,0.0,0.0,0,0x0120000000,106496,0x0140000000,71264,0x011ff9b000,16384,0x01200059c0,0x011ff97000,0,20,160k,30,269856,0.0001
run2/ts04096-ta08-bs16-gcc.txt,4096,8,16,gcc,337341091,121898433,83205319,38693114.0,58872880,356,947587.3343,395814081,143421268,100694791,42726477.0,68746792,271499619,1.2425,0.8048,1.4579,5.73,616360781,136285466,2.2702,1.4579,1.5572,0.502,2279135096,64772322,8.3946,1.4579,5.7581,0.2386,828601202,30688324,3.0519,1.4579,2.0934,0.113,3249000652,9.6312,72295012,58872880,50990926,52584677,6288203,4974552,6304002,534855,1713371,0.8661,0.8932,0.7891,0.3122,5889862,5596758,4590631,4439697,0.9671,427319049,415492254,11826795,11826283,0,0,0,0.0277,0.0277,0.0,0.0,128811361,125347709,3463652,3463140,901673,0,0,0.0269,0.0269,0.007,0.0,0,0,0,821438,0,0,821950,<error:,<error:,<error:,<error:,2892728,2285,2890443,10051,0,2590,14151,0.9992,0.0035,0.0,0.0009,miss,15497152,14672223,824929,820833,300126,0,0,0.0532,0.053,0.0194,0.0,427319049,427202386,116663,116599,0,0,0,0.0003,0.0003,0.0,0.0,129834445,129787477,46968,46840,0,0,0,0.0004,0.0004,0.0,0.0,0,0x0120000000,1564672,0x0140000000,277104,0x011ff9b000,16384,0x0120025f70,0x011ff97000,0,656,5248k,950761,2661271127,0.0004
run2/ts04096-ta08-bs32-anagram.txt,4096,8,32,anagram,4931,1834,875,959.0,879,1,4931.0,5903,2077,1031,1046.0,1020,12974,0.3801,2.6311,0.455,5.6098,10414,2227,0.8027,0.455,1.7642,0.1717,41711,911,3.215,0.455,7.0661,0.0702,15060,398,1.1608,0.455,2.5512,0.0307,57483,11.6575,1065,879,484,692,187,101,165,11,33,0.5506,0.7873,0.6121,0.3333,175,168,132,90,0.6818,6407,5936,471,177,0,0,0,0.0735,0.0276,0.0,0.0,1874,1608,266,0,0,0,0,0.1419,0.0,0.0,0.0,0,0,0,3,0,0,394,<error:,<error:,<error:,<error:,100,0,100,0,0,0,0,1.0,0.0,0.0,0.0,miss,737,342,395,0,0,0,0,0.536,0.0,0.0,0.0,6407,6390,17,0,0,0,0,0.0027,0.0,0.0,0.0,1883,1873,10,0,0,0,0,0.0053,0.0,0.0,0.0,0,0x0120000000,106496,0x0140000000,71264,0x011ff9b000,16384,0x01200059c0,0x011ff97000,0,20,160k,30,269856,0.0001
run2/ts04096-ta08-bs32-gcc.txt,4096,8,32,gcc,337341091,121898433,83205319,38693114.0,58872880,659,511898.4689,395814028,143421246,100694782,42726464.0,68746800,271497998,1.2425,0.8048,1.4579,5.73,616353396,136283666,2.2702,1.4579,1.5572,0.502,2279100147,64770869,8.3945,1.4579,5.758,0.2386,828588611,30687807,3.0519,1.4579,2.0934,0.113,3248958218,9.6311,72295008,58872880,50990925,52584676,6288204,4974551,6304002,534855,1713371,0.8661,0.8932,0.7891,0.3122,5889863,5596758,4590631,4439696,0.9671,427318982,415492186,11826796,11826284,0,0,0,0.0277,0.0277,0.0,0.0,128811333,125347677,3463656,3463144,901675,0,0,0.0269,0.0269,0.007,0.0,0,0,0,821392,0,0,821904,<error:,<error:,<error:,<error:,2892729,2791,2889938,9152,0,3185,14223,0.999,0.0032,0.0,0.0011,miss,15496365,14671603,824762,820666,300047,0,0,0.0532,0.053,0.0194,0.0,427318982,427202319,116663,116599,0,0,0,0.0003,0.0003,0.0,0.0,129834415,129787447,46968,46840,0,0,0,0.0004,0.0004,0.0,0.0,0,0x0120000000,1564672,0x0140000000,277104,0x011ff9b000,16384,0x0120025f70,0x011ff97000,0,656,5248k,950761,2661270963,0.0004
run2/ts04096-ta16-bs08-anagram.txt,4096,16,8,anagram,4931,1834,875,959.0,879,1,4931.0,5903,2077,1031,1046.0,1020,12974,0.3801,2.6311,0.455,5.6098,10414,2227,0.8027,0.455,1.7642,0.1717,41711,911,3.215,0.455,7.0661,0.0702,15060,398,1.1608,0.455,2.5512,0.0307,57483,11.6575,1065,879,484,692,187,101,165,11,33,0.5506,0.7873,0.6121,0.3333,175,168,132,90,0.6818,6407,5936,471,177,0,0,0,0.0735,0.0276,0.0,0.0,1874,1608,266,0,0,0,0,0.1419,0.0,0.0,0.0,0,0,0,1,0,0,394,<error:,<error:,<error:,<error:,100,0,100,0,0,0,0,1.0,0.0,0.0,0.0,miss,737,342,395,0,0,0,0,0.536,0.0,0.0,0.0,6407,6390,17,0,0,0,0,0.0027,0.0,0.0,0.0,1883,1873,10,0,0,0,0,0.0053,0.0,0.0,0.0,0,0x0120000000,106496,0x0140000000,71264,0x011ff9b000,16384,0x01200059c0,0x011ff97000,0,20,160k,30,269856,0.0001
run2/ts04096-ta16-bs08-gcc.txt,4096,16,8,gcc,337341091,121898433,83205319,38693114.0,58872880,378,892436.7487,395813927,143421206,100694713,42726493.0,68746781,271494166,1.2425,0.8048,1.4579,5.73,616363668,136286260,2.2703,1.4579,1.5572,0.502,2279141210,64772713,8.3948,1.4579,5.7581,0.2386,828601977,30688096,3.052,1.4579,2.0934,0.113,3249004035,9.6312,72294989,58872880,50990919,52584676,6288204,4974545,6304002,534855,1713371,0.8661,0.8932,0.7891,0.3122,5889856,5596760,4590631,4439690,0.9671,427318936,415492140,11826796,11826284,0,0,0,0.0277,0.0277,0.0,0.0,128811337,125347692,3463645,3463133,901672,0,0,0.0269,0.0269,0.007,0.0,0,0,0,821120,0,0,821632,<error:,<error:,<error:,<error:,2892719,2113,2890606,15580,0,2408,19546,0.9993,0.0054,0.0,0.0008,miss,15502657,14676882,825775,821679,300312,0,0,0.0533,0.053,0.0194,0.0,427318936,427202275,116661,116597,0,0,0,0.0003,0.0003,0.0,0.0,129834416,129787450,46966,46838,0,0,0,0.0004,0.0004,0.0,0.0,0,0x0120000000,1564672,0x0140000000,277104,0x011ff9b000,16384,0x0120025f70,0x011ff97000,0,656,5248k,950757,2661270675,0.0004
run2/ts04096-ta16-bs16-anagram.txt,4096,16,16,anagram,4931,1834,875,959.0,879,1,4931.0,5903,2077,1031,1046.0,1020,12974,0.3801,2.6311,0.455,5.6098,10414,2227,0.8027,0.455,1.7642,0.1717,41711,911,3.215,0.455,7.0661,0.0702,15060,398,1.1608,0.455,2.5512,0.0307,57483,11.6575,1065,879,484,692,187,101,165,11,33,0.5506,0.7873,0.6121,0.3333,175,168,132,90,0.6818,6407,5936,471,177,0,0,0,0.0735,0.0276,0.0,0.0,1874,1608,266,0,0,0,0,0.1419,0.0,0.0,0.0,0,0,0,1,0,0,394,<error:,<error:,<error:,<error:,100,0,100,0,0,0,0,1.0,0.0,0.0,0.0,miss,737,342,395,0,0,0,0,0.536,0.0,0.0,0.0,6407,6390,17,0,0,0,0,0.0027,0.0,0.0,0.0,1883,1873,10,0,0,0,0,0.0053,0.0,0.0,0.0,0,0x0120000000,106496,0x0140000000,71264,0x011ff9b000,16384,0x01200059c0,0x011ff97000,0,20,160k,30,269856,0.0001
run2/ts04096-ta16-bs16-gcc.txt,4096,16,16,gcc,337341091,121898433,83205319,38693114.0,58872880,371,909275.1779,395813848,143421197,100694708,42726489.0,68746772,271491205,1.2425,0.8048,1.4579,5.73,616355936,136284335,2.2703,1.4579,1.5572,0.502,2279106296,64771123,8.3948,1.4579,5.758,0.2386,828589085,30687674,3.052,1.4579,2.0934,0.113,3248964417,9.6311,72294991,58872880,50990920,52584676,6288204,4974546,6304002,534855,1713371,0.8661,0.8932,0.7891,0.3122,5889849,5596766,4590631,4439691,0.9671,427318853,415492065,11826788,11826276,0,0,0,0.0277,0.0277,0.0,0.0,128811297,125347656,3463641,3463129,901672,0,0,0.0269,0.0269,0.007,0.0,0,0,0,821019,0,0,821531,<error:,<error:,<error:,<error:,2892714,2617,2890097,13519,0,2980,19605,0.9991,0.0047,0.0,0.001,miss,15500660,14675233,825427,821331,300233,0,0,0.0533,0.053,0.0194,0.0,427318853,427202192,116661,116597,0,0,0,0.0003,0.0003,0.0,0.0,129834370,129787404,46966,46838,0,0,0,0.0004,0.0004,0.0,0.0,0,0x0120000000,1564672,0x0140000000,277104,0x011ff9b000,16384,0x0120025f70,0x011ff97000,0,656,5248k,950763,2661270505,0.0004
run2/ts04096-ta16-bs32-anagram.txt,4096,16,32,anagram,4931,1834,875,959.0,879,1,4931.0,5903,2077,1031,1046.0,1020,12974,0.3801,2.6311,0.455,5.6098,10414,2227,0.8027,0.455,1.7642,0.1717,41711,911,3.215,0.455,7.0661,0.0702,15060,398,1.1608,0.455,2.5512,0.0307,57483,11.6575,1065,879,484,692,187,101,165,11,33,0.5506,0.7873,0.6121,0.3333,175,168,132,90,0.6818,6407,5936,471,177,0,0,0,0.0735,0.0276,0.0,0.0,1874,1608,266,0,0,0,0,0.1419,0.0,0.0,0.0,0,0,0,1,0,0,394,<error:,<error:,<error:,<error:,100,0,100,0,0,0,0,1.0,0.0,0.0,0.0,miss,737,342,395,0,0,0,0,0.536,0.0,0.0,0.0,6407,6390,17,0,0,0,0,0.0027,0.0,0.0,0.0,1883,1873,10,0,0,0,0,0.0053,0.0,0.0,0.0,0,0x0120000000,106496,0x0140000000,71264,0x011ff9b000,16384,0x01200059c0,0x011ff97000,0,20,160k,30,269856,0.0001
run2/ts04096-ta16-bs32-gcc.txt,4096,16,32,gcc,337341091,121898433,83205319,38693114.0,58872880,679,496820.458,395813810,143421194,100694708,42726486.0,68746767,271489016,1.2426,0.8048,1.4579,5.73,616342681,136281097,2.2702,1.4579,1.5572,0.502,2279048651,64768396,8.3946,1.4579,5.7579,0.2386,828567924,30686661,3.0519,1.4579,2.0933,0.113,3248892255,9.6309,72294989,58872880,50990921,52584675,6288205,4974548,6304002,534855,1713371,0.8661,0.8932,0.7891,0.3122,5889848,5596758,4590631,4439693,0.9671,427318805,415492022,11826783,11826271,0,0,0,0.0277,0.0277,0.0,0.0,128811255,125347612,3463643,3463131,901673,0,0,0.0269,0.0269,0.007,0.0,0,0,0,820972,0,0,821484,<error:,<error:,<error:,<error:,2892715,3190,2889525,11780,0,3656,19774,0.9989,0.0041,0.0,0.0013,miss,15499038,14673916,825122,821026,300097,0,0,0.0532,0.053,0.0194,0.0,427318805,427202144,116661,116597,0,0,0,0.0003,0.0003,0.0,0.0,129834322,129787356,46966,46838,0,0,0,0.0004,0.0004,0.0,0.0,0,0x0120000000,1564672,0x0140000000,277104,0x011ff9b000,16384,0x0120025f70,0x011ff97000,0,656,5248k,950763,2661270391,0.0004
run2/ts08192-ta04-bs08-anagram.txt,8192,4,8,anagram,4931,1834,875,959.0,879,1,4931.0,5903,2077,1031,1046.0,1020,12974,0.3801,2.6311,0.455,5.6098,10414,2227,0.8027,0.455,1.7642,0.1717,41711,911,3.215,0.455,7.0661,0.0702,15060,398,1.1608,0.455,2.5512,0.0307,57483,11.6575,1065,879,484,692,187,101,165,11,33,0.5506,0.7873,0.6121,0.3333,175,168,132,90,0.6818,6407,5936,471,177,0,0,0,0.0735,0.0276,0.0,0.0,1874,1608,266,0,0,0,0,0.1419,0.0,0.0,0.0,0,0,0,0,0,0,394,<error:,<error:,<error:,<error:,100,0,100,0,0,0,0,1.0,0.0,0.0,0.0,miss,737,342,395,0,0,0,0,0.536,0.0,0.0,0.0,6407,6390,17,0,0,0,0,0.0027,0.0,0.0,0.0,1883,1873,10,0,0,0,0,0.0053,0.0,0.0,0.0,0,0x0120000000,106496,0x0140000000,71264,0x011ff9b000,16384,0x01200059c0,0x011ff97000,0,20,160k,30,269856,0.0001
run2/ts08192-ta04-bs08-gcc.txt,8192,4,8,gcc,337341091,121898433,83205319,38693114.0,58872880,407,828847.8894,395813725,143421200,100694727,42726473.0,68746739,271485892,1.2426,0.8048,1.458,5.73,616333917,136279002,2.2702,1.458,1.5571,0.502,2279028426,64767483,8.3946,1.458,5.7578,0.2386,828564843,30685707,3.052,1.458,2.0933,0.113,3248892191,9.6309,72294936,58872880,50990936,52584677,6288203,4974563,6304002,534855,1713371,0.8661,0.8932,0.7891,0.3122,5889852,5596768,4590631,4439708,0.9671,427318618,415491850,11826768,11826256,0,0,0,0.0277,0.0277,0.0,0.0,128811385,125347743,3463642,3463130,901671,0,0,0.0269,0.0269,0.007,0.0,0,0,0,820229,0,0,821253,<error:,<error:,<error:,<error:,2892718,2438,2890280,13728,0,2847,16930,0.9992,0.0047,0.0,0.001,miss,15500888,14675168,825720,821624,300349,0,0,0.0533,0.053,0.0194,0.0,427318618,427201958,116660,116596,0,0,0,0.0003,0.0003,0.0,0.0,129834466,129787501,46965,46837,0,0,0,0.0004,0.0004,0.0,0.0,0,0x0120000000,1564672,0x0140000000,277104,0x011ff9b000,16384,0x0120025f70,0x011ff97000,0,656,5248k,950757,2661270143,0.0004
run2/ts08192-ta04-bs16-anagram.txt,8192,4,16,anagram,4931,1834,875,959.0,879,1,4931.0,5903,2077,1031,1046.0,1020,12974,0.3801,2.6311,0.455,5.6098,10414,2227,0.8027,0.455,1.7642,0.1717,41711,911,3.215,0.455,7.0661,0.0702,15060,398,1.1608,0.455,2.5512,0.0307,57483,11.6575,1065,879,484,692,187,101,165,11,33,0.5506,0.7873,0.6121,0.3333,175,168,132,90,0.6818,6407,5936,471,177,0,0,0,0.0735,0.0276,0.0,0.0,1874,1608,266,0,0,0,0,0.1419,0.0,0.0,0.0,0,0,0,0,0,0,394,<error:,<error:,<error:,<error:,100,0,100,0,0,0,0,1.0,0.0,0.0,0.0,miss,737,342,395,0,0,0,0,0.536,0.0,0.0,0.0,6407,6390,17,0,0,0,0,0.0027,0.0,0.0,0.0,1883,1873,10,0,0,0,0,0.0053,0.0,0.0,0.0,0,0x0120000000,106496,0x0140000000,71264,0x011ff9b000,16384,0x01200059c0,0x011ff97000,0,20,160k,30,269856,0.0001
run2/ts08192-ta04-bs16-gcc.txt,8192,4,16,gcc,337341091,121898433,83205319,38693114.0,58872880,648,520588.1034,395813676,143421169,100694702,42726467.0,68746727,271482955,1.2426,0.8048,1.458,5.73,616324709,136276710,2.2702,1.458,1.5571,0.502,2278988752,64765326,8.3946,1.458,5.7577,0.2386,828552117,30685394,3.0519,1.458,2.0933,0.113,3248847903,9.6308,72294916,58872880,50990931,52584677,6288203,4974558,6304002,534855,1713371,0.8661,0.8932,0.7891,0.3122,5889852,5596762,4590631,4439703,0.9671,427318585,415491824,11826761,11826249,0,0,0,0.0277,0.0277,0.0,0.0,128811345,125347711,3463634,3463122,901670,0,0,0.0269,0.0269,0.007,0.0,0,0,0,820151,0,0,821175,<error:,<error:,<error:,<error:,2892710,2978,2889732,13017,0,3445,16963,0.999,0.0045,0.0,0.0012,miss,15500228,14674633,825595,821499,300282,0,0,0.0533,0.053,0.0194,0.0,427318585,427201924,116661,116597,0,0,0,0.0003,0.0003,0.0,0.0,129834418,129787453,46965,46837,0,0,0,0.0004,0.0004,0.0,0.0,0,0x0120000000,1564672,0x0140000000,277104,0x011ff9b000,16384,0x0120025f70,0x011ff97000,0,656,5248k,950757,2661269973,0.0004
run2/ts08192-ta04-bs32-anagram.txt,8192,4,32,anagram,4931,1834,875,959.0,879,1,4931.0,5903,2077,1031,1046.0,1020,12974,0.3801,2.6311,0.455,5.6098,10414,2227,0.8027,0.455,1.7642,0.1717,41711,911,3.215,0.455,7.0661,0.0702,15060,398,1.1608,0.455,2.5512,0.0307,57483,11.6575,1065,879,484,692,187,101,165,11,33,0.5506,0.7873,0.6121,0.3333,175,168,132,90,0.6818,6407,5936,471,177,0,0,0,0.0735,0.0276,0.0,0.0,1874,1608,266,0,0,0,0,0.1419,0.0,0.0,0.0,0,0,0,0,0,0,394,<error:,<error:,<error:,<error:,100,0,100,0,0,0,0,1.0,0.0,0.0,0.0,miss,737,342,395,0,0,0,0,0.536,0.0,0.0,0.0,6407,6390,17,0,0,0,0,0.0027,0.0,0.0,0.0,1883,1873,10,0,0,0,0,0.0053,0.0,0.0,0.0,0,0x0120000000,106496,0x0140000000,71264,0x011ff9b000,16384,0x01200059c0,0x011ff97000,0,20,160k,30,269856,0.0001
run2/ts08192-ta04-bs32-gcc.txt,8192,4,32,gcc,337341091,121898433,83205319,38693114.0,58872880,687,491035.067,395813554,143421142,100694688,42726454.0,68746700,271480897,1.2426,0.8048,1.458,5.73,616314649,136274211,2.2702,1.458,1.5571,0.502,2278943288,64763283,8.3945,1.458,5.7576,0.2386,828534781,30684752,3.0519,1.458,2.0932,0.113,3248795891,9.6306,72294887,58872880,50990935,52584677,6288203,4974562,6304002,534855,1713371,0.8661,0.8932,0.7891,0.3122,5889850,5596759,4590631,4439707,0.9671,427318406,415491647,11826759,11826247,0,0,0,0.0277,0.0277,0.0,0.0,128811289,125347654,3463635,3463123,901670,0,0,0.0269,0.0269,0.007,0.0,0,0,0,820110,0,0,821134,<error:,<error:,<error:,<error:,2892710,3698,2889012,12008,0,4266,16971,0.9987,0.0042,0.0,0.0015,miss,15499334,14673873,825461,821365,300187,0,0,0.0533,0.053,0.0194,0.0,427318406,427201745,116661,116597,0,0,0,0.0003,0.0003,0.0,0.0,129834349,129787384,46965,46837,0,0,0,0.0004,0.0004,0.0,0.0,0,0x0120000000,1564672,0x0140000000,277104,0x011ff9b000,16384,0x0120025f70,0x011ff97000,0,656,5248k,950757,2661269555,0.0004
run2/ts08192-ta08-bs08-anagram.txt,8192,8,8,anagram,4931,1834,875,959.0,879,1,4931.0,5903,2077,1031,1046.0,1020,12974,0.3801,2.6311,0.455,5.6098,10414,2227,0.8027,0.455,1.7642,0.1717,41711,911,3.215,0.455,7.0661,0.0702,15060,398,1.1608,0.455,2.5512,0.0307,57483,11.6575,1065,879,484,692,187,101,165,11,33,0.5506,0.7873,0.6121,0.3333,175,168,132,90,0.6818,6407,5936,471,177,0,0,0,0.0735,0.0276,0.0,0.0,1874,1608,266,0,0,0,0,0.1419,0.0,0.0,0.0,0,0,0,0,0,0,394,<error:,<error:,<error:,<error:,100,0,100,0,0,0,0,1.0,0.0,0.0,0.0,miss,737,342,395,0,0,0,0,0.536,0.0,0.0,0.0,6407,6390,17,0,0,0,0,0.0027,0.0,0.0,0.0,1883,1873,10,0,0,0,0,0.0053,0.0,0.0,0.0,0,0x0120000000,106496,0x0140000000,71264,0x011ff9b000,16384,0x01200059c0,0x011ff97000,0,20,160k,30,269856,0.0001
run2/ts08192-ta08-bs08-gcc.txt,8192,8,8,gcc,337341091,121898433,83205319,38693114.0,58872880,664,508043.8117,395813453,143421070,100694635,42726435.0,68746715,271451751,1.2427,0.8047,1.4581,5.73,616290702,136268370,2.2704,1.4581,1.557,0.502,2278840167,64758330,8.395,1.4581,5.7574,0.2386,828495904,30682959,3.0521,1.4581,2.0931,0.113,3248660517,9.6302,72294916,58872880,50990932,52584678,6288202,4974557,6304002,534855,1713371,0.8661,0.8932,0.7891,0.3122,5889863,5596745,4590631,4439702,0.9671,427318350,415491587,11826763,11826251,0,0,0,0.0277,0.0277,0.0,0.0,128811297,125347610,3463687,3463175,901675,0,0,0.0269,0.0269,0.007,0.0,0,0,0,818743,0,0,819767,<error:,<error:,<error:,<error:,2892761,3748,2889013,24194,0,4323,29731,0.9987,0.0084,0.0,0.0015,miss,15511554,14684118,827436,823340,300705,0,0,0.0533,0.0531,0.0194,0.0,427318350,427201694,116656,116592,0,0,0,0.0003,0.0003,0.0,0.0,129834348,129787382,46966,46838,0,0,0,0.0004,0.0004,0.0,0.0,0,0x0120000000,1564672,0x0140000000,277104,0x011ff9b000,16384,0x0120025f70,0x011ff97000,0,656,5248k,950751,2661269349,0.0004
run2/ts08192-ta08-bs16-anagram.txt,8192,8,16,anagram,4931,1834,875,959.0,879,1,4931.0,5903,2077,1031,1046.0,1020,12974,0.3801,2.6311,0.455,5.6098,10414,2227,0.8027,0.455,1.7642,0.1717,41711,911,3.215,0.455,7.0661,0.0702,15060,398,1.1608,0.455,2.5512,0.0307,57483,11.6575,1065,879,484,692,187,101,165,11,33,0.5506,0.7873,0.6121,0.3333,175,168,132,90,0.6818,6407,5936,471,177,0,0,0,0.0735,0.0276,0.0,0.0,1874,1608,266,0,0,0,0,0.1419,0.0,0.0,0.0,0,0,0,0,0,0,394,<error:,<error:,<error:,<error:,100,0,100,0,0,0,0,1.0,0.0,0.0,0.0,miss,737,342,395,0,0,0,0,0.536,0.0,0.0,0.0,6407,6390,17,0,0,0,0,0.0027,0.0,0.0,0.0,1883,1873,10,0,0,0,0,0.0053,0.0,0.0,0.0,0,0x0120000000,106496,0x0140000000,71264,0x011ff9b000,16384,0x01200059c0,0x011ff97000,0,20,160k,30,269856,0.0001
run2/ts08192-ta08-bs16-gcc.txt,8192,8,16,gcc,337341091,121898433,83205319,38693114.0,58872880,349,966593.384,395813401,143421038,100694617,42726421.0,68746723,271448854,1.2427,0.8047,1.4582,5.73,616280991,136266022,2.2703,1.4582,1.557,0.502,2278796017,64755885,8.3949,1.4582,5.7572,0.2386,828482079,30682478,3.0521,1.4582,2.0931,0.113,3248615251,9.6301,72294912,58872880,50990933,52584678,6288202,4974558,6304002,534855,1713371,0.8661,0.8932,0.7891,0.3122,5889856,5596751,4590631,4439703,0.9671,427318234,415491481,11826753,11826241,0,0,0,0.0277,0.0277,0.0,0.0,128811254,125347572,3463682,3463170,901675,0,0,0.0269,0.0269,0.007,0.0,0,0,0,818673,0,0,819697,<error:,<error:,<error:,<error:,2892756,4388,2888368,22742,0,5053,29775,0.9985,0.0079,0.0,0.0017,miss,15510185,14682971,827214,823118,300630,0,0,0.0533,0.0531,0.0194,0.0,427318234,427201578,116656,116592,0,0,0,0.0003,0.0003,0.0,0.0,129834296,129787330,46966,46838,0,0,0,0.0004,0.0004,0.0,0.0,0,0x0120000000,1564672,0x0140000000,277104,0x011ff9b000,16384,0x0120025f70,0x011ff97000,0,656,5248k,950755,2661269089,0.0004
run2/ts08192-ta08-bs32-anagram.txt,8192,8,32,anagram,4931,1834,875,959.0,879,1,4931.0,5903,2077,1031,1046.0,1020,12974,0.3801,2.6311,0.455,5.6098,10414,2227,0.8027,0.455,1.7642,0.1717,41711,911,3.215,0.455,7.0661,0.0702,15060,398,1.1608,0.455,2.5512,0.0307,57483,11.6575,1065,879,484,692,187,101,165,11,33,0.5506,0.7873,0.6121,0.3333,175,168,132,90,0.6818,6407,5936,471,177,0,0,0,0.0735,0.0276,0.0,0.0,1874,1608,266,0,0,0,0,0.1419,0.0,0.0,0.0,0,0,0,0,0,0,394,<error:,<error:,<error:,<error:,100,0,100,0,0,0,0,1.0,0.0,0.0,0.0,miss,737,342,395,0,0,0,0,0.536,0.0,0.0,0.0,6407,6390,17,0,0,0,0,0.0027,0.0,0.0,0.0,1883,1873,10,0,0,0,0,0.0053,0.0,0.0,0.0,0,0x0120000000,106496,0x0140000000,71264,0x011ff9b000,16384,0x01200059c0,0x011ff97000,0,20,160k,30,269856,0.0001
run2/ts08192-ta08-bs32-gcc.txt,8192,8,32,gcc,337341091,121898433,83205319,38693114.0,58872880,598,564115.5368,395813416,143421066,100694633,42726433.0,68746705,271445905,1.2428,0.8047,1.4582,5.73,616272292,136263825,2.2703,1.4582,1.557,0.502,2278752180,64753701,8.3949,1.4582,5.7571,0.2386,828467706,30682278,3.0521,1.4582,2.0931,0.113,3248562346,9.6299,72294883,58872880,50990929,52584677,6288203,4974555,6304002,534855,1713371,0.8661,0.8932,0.7891,0.3122,5889860,5596750,4590631,4439700,0.9671,427318218,415491473,11826745,11826233,0,0,0,0.0277,0.0277,0.0,0.0,128811212,125347535,3463677,3463165,901674,0,0,0.0269,0.0269,0.007,0.0,0,0,0,818610,0,0,819634,<error:,<error:,<error:,<error:,2892751,5282,2887469,21107,0,6044,29760,0.9982,0.0073,0.0,0.0021,miss,15508649,14681660,826989,822893,300532,0,0,0.0533,0.0531,0.0194,0.0,427318218,427201559,116659,116595,0,0,0,0.0003,0.0003,0.0,0.0,129834247,129787281,46966,46838,0,0,0,0.0004,0.0004,0.0,0.0,0,0x0120000000,1564672,0x0140000000,277104,0x011ff9b000,16384,0x0120025f70,0x011ff97000,0,656,5248k,950755,2661269157,0.0004
run2/ts08192-ta16-bs08-anagram.txt,8192,16,8,anagram,4931,1834,875,959.0,879,1,4931.0,5903,2077,1031,1046.0,1020,12974,0.3801,2.6311,0.455,5.6098,10414,2227,0.8027,0.455,1.7642,0.1717,41711,911,3.215,0.455,7.0661,0.0702,15060,398,1.1608,0.455,2.5512,0.0307,57483,11.6575,1065,879,484,692,187,101,165,11,33,0.5506,0.7873,0.6121,0.3333,175,168,132,90,0.6818,6407,5936,471,177,0,0,0,0.0735,0.0276,0.0,0.0,1874,1608,266,0,0,0,0,0.1419,0.0,0.0,0.0,0,0,0,0,0,0,394,<error:,<error:,<error:,<error:,100,0,100,0,0,0,0,1.0,0.0,0.0,0.0,miss,737,342,395,0,0,0,0,0.536,0.0,0.0,0.0,6407,6390,17,0,0,0,0,0.0027,0.0,0.0,0.0,1883,1873,10,0,0,0,0,0.0053,0.0,0.0,0.0,0,0x0120000000,106496,0x0140000000,71264,0x011ff9b000,16384,0x01200059c0,0x011ff97000,0,20,160k,30,269856,0.0001
run2/ts08192-ta16-bs08-gcc.txt,8192,16,8,gcc,337341091,121898433,83205319,38693114.0,58872880,387,871682.4057,395813491,143421080,100694653,42726427.0,68746646,271432220,1.2428,0.8046,1.4582,5.73,616257520,136260072,2.2704,1.4582,1.5569,0.502,2278701404,64751197,8.3951,1.4582,5.757,0.2386,828447238,30680432,3.0521,1.4582,2.093,0.113,3248509888,9.6297,72294843,58872880,50990905,52584678,6288202,4974531,6304002,534855,1713371,0.8661,0.8932,0.7891,0.3122,5889856,5596763,4590631,4439676,0.9671,427318356,415491605,11826751,11826239,0,0,0,0.0277,0.0277,0.0,0.0,128811254,125347588,3463666,3463154,901674,0,0,0.0269,0.0269,0.007,0.0,0,0,0,817890,0,0,818914,<error:,<error:,<error:,<error:,2892737,4423,2888314,32738,0,5092,39401,0.9985,0.0113,0.0,0.0018,miss,15520160,14691402,828758,824662,300926,0,0,0.0534,0.0531,0.0194,0.0,427318356,427201695,116661,116597,0,0,0,0.0003,0.0003,0.0,0.0,129834295,129787335,46960,46832,0,0,0,0.0004,0.0004,0.0,0.0,0,0x0120000000,1564672,0x0140000000,277104,0x011ff9b000,16384,0x0120025f70,0x011ff97000,0,656,5248k,950757,2661269397,0.0004
run2/ts08192-ta16-bs16-anagram.txt,8192,16,16,anagram,4931,1834,875,959.0,879,1,4931.0,5903,2077,1031,1046.0,1020,12974,0.3801,2.6311,0.455,5.6098,10414,2227,0.8027,0.455,1.7642,0.1717,41711,911,3.215,0.455,7.0661,0.0702,15060,398,1.1608,0.455,2.5512,0.0307,57483,11.6575,1065,879,484,692,187,101,165,11,33,0.5506,0.7873,0.6121,0.3333,175,168,132,90,0.6818,6407,5936,471,177,0,0,0,0.0735,0.0276,0.0,0.0,1874,1608,266,0,0,0,0,0.1419,0.0,0.0,0.0,0,0,0,0,0,0,394,<error:,<error:,<error:,<error:,100,0,100,0,0,0,0,1.0,0.0,0.0,0.0,miss,737,342,395,0,0,0,0,0.536,0.0,0.0,0.0,6407,6390,17,0,0,0,0,0.0027,0.0,0.0,0.0,1883,1873,10,0,0,0,0,0.0053,0.0,0.0,0.0,0,0x0120000000,106496,0x0140000000,71264,0x011ff9b000,16384,0x01200059c0,0x011ff97000,0,20,160k,30,269856,0.0001
run2/ts08192-ta16-bs16-gcc.txt,8192,16,16,gcc,337341091,121898433,83205319,38693114.0,58872880,389,867200.7481,395813425,143421053,100694639,42726414.0,68746654,271430204,1.2428,0.8046,1.4583,5.73,616250661,136258376,2.2704,1.4583,1.5569,0.502,2278667015,64749521,8.395,1.4583,5.7569,0.2385,828435153,30680139,3.0521,1.4583,2.093,0.113,3248467447,9.6296,72294849,58872880,50990909,52584680,6288200,4974533,6304002,534855,1713371,0.8661,0.8932,0.7891,0.3122,5889849,5596758,4590631,4439678,0.9671,427318273,415491520,11826753,11826241,0,0,0,0.0277,0.0277,0.0,0.0,128811202,125347537,3463665,3463153,901674,0,0,0.0269,0.0269,0.007,0.0,0,0,0,817832,0,0,818856,<error:,<error:,<error:,<error:,2892737,5142,2887595,29972,0,5922,39490,0.9982,0.0104,0.0,0.002,miss,15517513,14689097,828416,824320,300878,0,0,0.0534,0.0531,0.0194,0.0,427318273,427201612,116661,116597,0,0,0,0.0003,0.0003,0.0,0.0,129834243,129787283,46960,46832,0,0,0,0.0004,0.0004,0.0,0.0,0,0x0120000000,1564672,0x0140000000,277104,0x011ff9b000,16384,0x0120025f70,0x011ff97000,0,656,5248k,950763,2661269169,0.0004
run2/ts08192-ta16-bs32-anagram.txt,8192,16,32,anagram,4931,1834,875,959.0,879,1,4931.0,5903,2077,1031,1046.0,1020,12974,0.3801,2.6311,0.455,5.6098,10414,2227,0.8027,0.455,1.7642,0.1717,41711,911,3.215,0.455,7.0661,0.0702,15060,398,1.1608,0.455,2.5512,0.0307,57483,11.6575,1065,879,484,692,187,101,165,11,33,0.5506,0.7873,0.6121,0.3333,175,168,132,90,0.6818,6407,5936,471,177,0,0,0,0.0735,0.0276,0.0,0.0,1874,1608,266,0,0,0,0,0.1419,0.0,0.0,0.0,0,0,0,0,0,0,394,<error:,<error:,<error:,<error:,100,0,100,0,0,0,0,1.0,0.0,0.0,0.0,miss,737,342,395,0,0,0,0,0.536,0.0,0.0,0.0,6407,6390,17,0,0,0,0,0.0027,0.0,0.0,0.0,1883,1873,10,0,0,0,0,0.0053,0.0,0.0,0.0,0,0x0120000000,106496,0x0140000000,71264,0x011ff9b000,16384,0x01200059c0,0x011ff97000,0,20,160k,30,269856,0.0001
run2/ts08192-ta16-bs32-gcc.txt,8192,16,32,gcc,337341091,121898433,83205319,38693114.0,58872880,372,906830.8898,395813185,143420983,100694587,42726396.0,68746602,271428454,1.2428,0.8046,1.4583,5.73,616237960,136255255,2.2704,1.4583,1.5569,0.502,2278608220,64746796,8.3949,1.4583,5.7568,0.2385,828416633,30679643,3.0521,1.4583,2.0929,0.113,3248400955,9.6294,72294791,58872880,50990911,52584680,6288200,4974535,6304002,534855,1713371,0.8661,0.8932,0.7891,0.3122,5889851,5596759,4590631,4439680,0.9671,427318001,415491269,11826732,11826220,0,0,0,0.0277,0.0277,0.0,0.0,128811048,125347389,3463659,3463147,901673,0,0,0.0269,0.0269,0.007,0.0,0,0,0,817869,0,0,818893,<error:,<error:,<error:,<error:,2892731,6170,2886561,26999,0,7061,39691,0.9979,0.0093,0.0,0.0024,miss,15514640,14686508,828132,824036,300765,0,0,0.0534,0.0531,0.0194,0.0,427318001,427201340,116661,116597,0,0,0,0.0003,0.0003,0.0,0.0,129834078,129787118,46960,46832,0,0,0,0.0004,0.0004,0.0,0.0,0,0x0120000000,1564672,0x0140000000,277104,0x011ff9b000,16384,0x0120025f70,0x011ff97000,0,656,5248k,950765,2661268463,0.0004
run2/ts16384-ta04-bs08-anagram.txt,16384,4,8,anagram,4931,1834,875,959.0,879,1,4931.0,5903,2077,1031,1046.0,1020,12974,0.3801,2.6311,0.455,5.6098,10414,2227,0.8027,0.455,1.7642,0.1717,41711,911,3.215,0.455,7.0661,0.0702,15060,398,1.1608,0.455,2.5512,0.0307,57483,11.6575,1065,879,484,692,187,101,165,11,33,0.5506,0.7873,0.6121,0.3333,175,168,132,90,0.6818,6407,5936,471,177,0,0,0,0.0735,0.0276,0.0,0.0,1874,1608,266,0,0,0,0,0.1419,0.0,0.0,0.0,0,0,0,0,0,0,394,<error:,<error:,<error:,<error:,100,0,100,0,0,0,0,1.0,0.0,0.0,0.0,miss,737,342,395,0,0,0,0,0.536,0.0,0.0,0.0,6407,6390,17,0,0,0,0,0.0027,0.0,0.0,0.0,1883,1873,10,0,0,0,0,0.0053,0.0,0.0,0.0,0,0x0120000000,106496,0x0140000000,71264,0x011ff9b000,16384,0x01200059c0,0x011ff97000,0,20,160k,30,269856,0.0001
run2/ts16384-ta04-bs08-gcc.txt,16384,4,8,gcc,337341091,121898433,83205319,38693114.0,58872880,338,998050.5651,395813748,143421226,100694771,42726455.0,68746801,271411057,1.2429,0.8046,1.4584,5.73,616223863,136251623,2.2704,1.4584,1.5569,0.502,2278592918,64748222,8.3954,1.4584,5.7567,0.2386,828391517,30675490,3.0522,1.4584,2.0929,0.113,3248363216,9.6293,72294924,58872880,50990935,52584681,6288199,4974560,6304002,534855,1713371,0.8661,0.8932,0.7891,0.3122,5889857,5596766,4590631,4439705,0.9671,427318460,415491711,11826749,11826237,0,0,0,0.0277,0.0277,0.0,0.0,128811308,125347629,3463679,3463167,901676,0,0,0.0269,0.0269,0.007,0.0,0,0,0,815678,0,0,817726,<error:,<error:,<error:,<error:,2892752,4840,2887912,29564,0,5853,35915,0.9983,0.0102,0.0,0.002,miss,15517340,14688235,829105,825009,301114,0,0,0.0534,0.0532,0.0194,0.0,427318460,427201800,116660,116596,0,0,0,0.0003,0.0003,0.0,0.0,129834354,129787389,46965,46837,0,0,0,0.0004,0.0004,0.0,0.0,0,0x0120000000,1564672,0x0140000000,277104,0x011ff9b000,16384,0x0120025f70,0x011ff97000,0,656,5248k,950761,2661270055,0.0004
run2/ts16384-ta04-bs16-anagram.txt,16384,4,16,anagram,4931,1834,875,959.0,879,1,4931.0,5903,2077,1031,1046.0,1020,12974,0.3801,2.6311,0.455,5.6098,10414,2227,0.8027,0.455,1.7642,0.1717,41711,911,3.215,0.455,7.0661,0.0702,15060,398,1.1608,0.455,2.5512,0.0307,57483,11.6575,1065,879,484,692,187,101,165,11,33,0.5506,0.7873,0.6121,0.3333,175,168,132,90,0.6818,6407,5936,471,177,0,0,0,0.0735,0.0276,0.0,0.0,1874,1608,266,0,0,0,0,0.1419,0.0,0.0,0.0,0,0,0,0,0,0,394,<error:,<error:,<error:,<error:,100,0,100,0,0,0,0,1.0,0.0,0.0,0.0,miss,737,342,395,0,0,0,0,0.536,0.0,0.0,0.0,6407,6390,17,0,0,0,0,0.0027,0.0,0.0,0.0,1883,1873,10,0,0,0,0,0.0053,0.0,0.0,0.0,0,0x0120000000,106496,0x0140000000,71264,0x011ff9b000,16384,0x01200059c0,0x011ff97000,0,20,160k,30,269856,0.0001
run2/ts16384-ta04-bs16-gcc.txt,16384,4,16,gcc,337341091,121898433,83205319,38693114.0,58872880,338,998050.5651,395813587,143421186,100694736,42726450.0,68746771,271408754,1.2429,0.8046,1.4584,5.73,616216867,136249900,2.2704,1.4584,1.5568,0.502,2278560086,64746398,8.3953,1.4584,5.7566,0.2386,828380832,30675215,3.0522,1.4584,2.0929,0.113,3248329249,9.6292,72294888,58872880,50990935,52584681,6288199,4974560,6304002,534855,1713371,0.8661,0.8932,0.7891,0.3122,5889856,5596768,4590631,4439705,0.9671,427318283,415491546,11826737,11826225,0,0,0,0.0277,0.0277,0.0,0.0,128811248,125347575,3463673,3463161,901676,0,0,0.0269,0.0269,0.007,0.0,0,0,0,815658,0,0,817706,<error:,<error:,<error:,<error:,2892745,5536,2887209,28621,0,6648,35955,0.9981,0.0099,0.0,0.0023,miss,15516488,14687440,829048,824952,301101,0,0,0.0534,0.0532,0.0194,0.0,427318283,427201623,116660,116596,0,0,0,0.0003,0.0003,0.0,0.0,129834294,129787329,46965,46837,0,0,0,0.0004,0.0004,0.0,0.0,0,0x0120000000,1564672,0x0140000000,277104,0x011ff9b000,16384,0x0120025f70,0x011ff97000,0,656,5248k,950763,2661269609,0.0004
run2/ts16384-ta04-bs32-anagram.txt,16384,4,32,anagram,4931,1834,875,959.0,879,1,4931.0,5903,2077,1031,1046.0,1020,12974,0.3801,2.6311,0.455,5.6098,10414,2227,0.8027,0.455,1.7642,0.1717,41711,911,3.215,0.455,7.0661,0.0702,15060,398,1.1608,0.455,2.5512,0.0307,57483,11.6575,1065,879,484,692,187,101,165,11,33,0.5506,0.7873,0.6121,0.3333,175,168,132,90,0.6818,6407,5936,471,177,0,0,0,0.0735,0.0276,0.0,0.0,1874,1608,266,0,0,0,0,0.1419,0.0,0.0,0.0,0,0,0,0,0,0,394,<error:,<error:,<error:,<error:,100,0,100,0,0,0,0,1.0,0.0,0.0,0.0,miss,737,342,395,0,0,0,0,0.536,0.0,0.0,0.0,6407,6390,17,0,0,0,0,0.0027,0.0,0.0,0.0,1883,1873,10,0,0,0,0,0.0053,0.0,0.0,0.0,0,0x0120000000,106496,0x0140000000,71264,0x011ff9b000,16384,0x01200059c0,0x011ff97000,0,20,160k,30,269856,0.0001
run2/ts16384-ta04-bs32-gcc.txt,16384,4,32,gcc,337341091,121898433,83205319,38693114.0,58872880,336,1003991.3423,395813386,143421124,100694671,42726453.0,68746735,271404787,1.2429,0.8045,1.4584,5.73,616204476,136246811,2.2704,1.4584,1.5568,0.502,2278506625,64743647,8.3952,1.4584,5.7565,0.2386,828362246,30674508,3.0521,1.4584,2.0928,0.113,3248268823,9.629,72294841,58872880,50990934,52584681,6288199,4974559,6304002,534855,1713371,0.8661,0.8932,0.7891,0.3122,5889850,5596767,4590631,4439704,0.9671,427318097,415491359,11826738,11826226,0,0,0,0.0277,0.0277,0.0,0.0,128811159,125347495,3463664,3463152,901676,0,0,0.0269,0.0269,0.007,0.0,0,0,0,815578,0,0,817626,<error:,<error:,<error:,<error:,2892735,6492,2886243,27270,0,7734,35974,0.9978,0.0094,0.0,0.0027,miss,15515277,14686419,828858,824762,301020,0,0,0.0534,0.0532,0.0194,0.0,427318097,427201437,116660,116596,0,0,0,0.0003,0.0003,0.0,0.0,129834198,129787233,46965,46837,0,0,0,0.0004,0.0004,0.0,0.0,0,0x0120000000,1564672,0x0140000000,277104,0x011ff9b000,16384,0x0120025f70,0x011ff97000,0,656,5248k,950761,2661269011,0.0004
run2/ts16384-ta08-bs08-anagram.txt,16384,8,8,anagram,4931,1834,875,959.0,879,1,4931.0,5903,2077,1031,1046.0,1020,12974,0.3801,2.6311,0.455,5.6098,10414,2227,0.8027,0.455,1.7642,0.1717,41711,911,3.215,0.455,7.0661,0.0702,15060,398,1.1608,0.455,2.5512,0.0307,57483,11.6575,1065,879,484,692,187,101,165,11,33,0.5506,0.7873,0.6121,0.3333,175,168,132,90,0.6818,6407,5936,471,177,0,0,0,0.0735,0.0276,0.0,0.0,1874,1608,266,0,0,0,0,0.1419,0.0,0.0,0.0,0,0,0,0,0,0,394,<error:,<error:,<error:,<error:,100,0,100,0,0,0,0,1.0,0.0,0.0,0.0,miss,737,342,395,0,0,0,0,0.536,0.0,0.0,0.0,6407,6390,17,0,0,0,0,0.0027,0.0,0.0,0.0,1883,1873,10,0,0,0,0,0.0053,0.0,0.0,0.0,0,0x0120000000,106496,0x0140000000,71264,0x011ff9b000,16384,0x01200059c0,0x011ff97000,0,20,160k,30,269856,0.0001
run2/ts16384-ta08-bs08-gcc.txt,16384,8,8,gcc,337341091,121898433,83205319,38693114.0,58872880,338,998050.5651,395812834,143420865,100694470,42726395.0,68746566,271357882,1.2432,0.8044,1.4586,5.73,616119823,136226114,2.2705,1.4586,1.5566,0.502,2278143049,64724090,8.3953,1.4586,5.7556,0.2385,828244633,30670188,3.0522,1.4586,2.0925,0.113,3247861104,9.6278,72294670,58872880,50990918,52584681,6288199,4974541,6304002,534855,1713371,0.8661,0.8932,0.7891,0.3122,5889835,5596751,4590631,4439686,0.9671,427317518,415490814,11826704,11826192,0,0,0,0.0277,0.0277,0.0,0.0,128811131,125347463,3463668,3463156,901676,0,0,0.0269,0.0269,0.007,0.0,0,0,0,813334,0,0,815382,<error:,<error:,<error:,<error:,2892738,7477,2885261,50117,0,8818,60371,0.9974,0.0173,0.0,0.003,miss,15538165,14705060,833105,829009,301950,0,0,0.0536,0.0534,0.0194,0.0,427317518,427200862,116656,116592,0,0,0,0.0003,0.0003,0.0,0.0,129834125,129787160,46965,46837,0,0,0,0.0004,0.0004,0.0,0.0,0,0x0120000000,1564672,0x0140000000,277104,0x011ff9b000,16384,0x0120025f70,0x011ff97000,0,656,5248k,950749,2661267211,0.0004
run2/ts16384-ta08-bs16-anagram.txt,16384,8,16,anagram,4931,1834,875,959.0,879,1,4931.0,5903,2077,1031,1046.0,1020,12974,0.3801,2.6311,0.455,5.6098,10414,2227,0.8027,0.455,1.7642,0.1717,41711,911,3.215,0.455,7.0661,0.0702,15060,398,1.1608,0.455,2.5512,0.0307,57483,11.6575,1065,879,484,692,187,101,165,11,33,0.5506,0.7873,0.6121,0.3333,175,168,132,90,0.6818,6407,5936,471,177,0,0,0,0.0735,0.0276,0.0,0.0,1874,1608,266,0,0,0,0,0.1419,0.0,0.0,0.0,0,0,0,0,0,0,394,<error:,<error:,<error:,<error:,100,0,100,0,0,0,0,1.0,0.0,0.0,0.0,miss,737,342,395,0,0,0,0,0.536,0.0,0.0,0.0,6407,6390,17,0,0,0,0,0.0027,0.0,0.0,0.0,1883,1873,10,0,0,0,0,0.0053,0.0,0.0,0.0,0,0x0120000000,106496,0x0140000000,71264,0x011ff9b000,16384,0x01200059c0,0x011ff97000,0,20,160k,30,269856,0.0001
run2/ts16384-ta08-bs16-gcc.txt,16384,8,16,gcc,337341091,121898433,83205319,38693114.0,58872880,343,983501.723,395812710,143420818,100694441,42726377.0,68746541,271355995,1.2432,0.8044,1.4586,5.73,616113456,136224564,2.2705,1.4586,1.5566,0.502,2278111718,64722360,8.3953,1.4586,5.7555,0.2385,828234730,30669877,3.0522,1.4586,2.0925,0.113,3247828389,9.6277,72294633,58872880,50990914,52584683,6288197,4974535,6304002,534855,1713371,0.8661,0.8932,0.7891,0.3122,5889835,5596751,4590631,4439680,0.9671,427317363,415490666,11826697,11826185,0,0,0,0.0277,0.0277,0.0,0.0,128811032,125347365,3463667,3463155,901676,0,0,0.0269,0.0269,0.007,0.0,0,0,0,813344,0,0,815392,<error:,<error:,<error:,<error:,2892736,8327,2884409,48332,0,9846,60470,0.9971,0.0167,0.0,0.0034,miss,15536562,14703568,832994,828898,301944,0,0,0.0536,0.0534,0.0194,0.0,427317363,427200707,116656,116592,0,0,0,0.0003,0.0003,0.0,0.0,129834031,129787066,46965,46837,0,0,0,0.0004,0.0004,0.0,0.0,0,0x0120000000,1564672,0x0140000000,277104,0x011ff9b000,16384,0x0120025f70,0x011ff97000,0,656,5248k,950745,2661266863,0.0004
run2/ts16384-ta08-bs32-anagram.txt,16384,8,32,anagram,4931,1834,875,959.0,879,1,4931.0,5903,2077,1031,1046.0,1020,12974,0.3801,2.6311,0.455,5.6098,10414,2227,0.8027,0.455,1.7642,0.1717,41711,911,3.215,0.455,7.0661,0.0702,15060,398,1.1608,0.455,2.5512,0.0307,57483,11.6575,1065,879,484,692,187,101,165,11,33,0.5506,0.7873,0.6121,0.3333,175,168,132,90,0.6818,6407,5936,471,177,0,0,0,0.0735,0.0276,0.0,0.0,1874,1608,266,0,0,0,0,0.1419,0.0,0.0,0.0,0,0,0,0,0,0,394,<error:,<error:,<error:,<error:,100,0,100,0,0,0,0,1.0,0.0,0.0,0.0,miss,737,342,395,0,0,0,0,0.536,0.0,0.0,0.0,6407,6390,17,0,0,0,0,0.0027,0.0,0.0,0.0,1883,1873,10,0,0,0,0,0.0053,0.0,0.0,0.0,0,0x0120000000,106496,0x0140000000,71264,0x011ff9b000,16384,0x01200059c0,0x011ff97000,0,20,160k,30,269856,0.0001
run2/ts16384-ta08-bs32-gcc.txt,16384,8,32,gcc,337341091,121898433,83205319,38693114.0,58872880,338,998050.5651,395812267,143420656,100694332,42726324.0,68746456,271352321,1.2432,0.8044,1.4587,5.73,616094998,136220013,2.2705,1.4587,1.5565,0.502,2278028740,64717785,8.3951,1.4587,5.7553,0.2385,828207613,30669275,3.0521,1.4587,2.0924,0.113,3247738879,9.6275,72294542,58872880,50990918,52584685,6288195,4974537,6304002,534855,1713371,0.8661,0.8932,0.7891,0.3122,5889824,5596751,4590631,4439682,0.9671,427316869,415490183,11826686,11826174,0,0,0,0.0277,0.0277,0.0,0.0,128810867,125347203,3463664,3463152,901676,0,0,0.0269,0.0269,0.007,0.0,0,0,0,813316,0,0,815364,<error:,<error:,<error:,<error:,2892731,9570,2883161,45830,0,11287,60497,0.9967,0.0158,0.0,0.0039,miss,15534262,14701506,832756,828660,301815,0,0,0.0536,0.0533,0.0194,0.0,427316869,427200213,116656,116592,0,0,0,0.0003,0.0003,0.0,0.0,129833876,129786911,46965,46837,0,0,0,0.0004,0.0004,0.0,0.0,0,0x0120000000,1564672,0x0140000000,277104,0x011ff9b000,16384,0x0120025f70,0x011ff97000,0,656,5248k,950749,2661265519,0.0004
run2/ts16384-ta16-bs08-anagram.txt,16384,16,8,anagram,4931,1834,875,959.0,879,1,4931.0,5903,2077,1031,1046.0,1020,12974,0.3801,2.6311,0.455,5.6098,10414,2227,0.8027,0.455,1.7642,0.1717,41711,911,3.215,0.455,7.0661,0.0702,15060,398,1.1608,0.455,2.5512,0.0307,57483,11.6575,1065,879,484,692,187,101,165,11,33,0.5506,0.7873,0.6121,0.3333,175,168,132,90,0.6818,6407,5936,471,177,0,0,0,0.0735,0.0276,0.0,0.0,1874,1608,266,0,0,0,0,0.1419,0.0,0.0,0.0,0,0,0,0,0,0,394,<error:,<error:,<error:,<error:,100,0,100,0,0,0,0,1.0,0.0,0.0,0.0,miss,737,342,395,0,0,0,0,0.536,0.0,0.0,0.0,6407,6390,17,0,0,0,0,0.0027,0.0,0.0,0.0,1883,1873,10,0,0,0,0,0.0053,0.0,0.0,0.0,0,0x0120000000,106496,0x0140000000,71264,0x011ff9b000,16384,0x01200059c0,0x011ff97000,0,20,160k,30,269856,0.0001
run2/ts16384-ta16-bs08-gcc.txt,16384,16,8,gcc,337341091,121898433,83205319,38693114.0,58872880,342,986377.4591,395812806,143420861,100694561,42726300.0,68746530,271330790,1.2433,0.8043,1.4588,5.73,616081066,136216724,2.2706,1.4588,1.5565,0.502,2277973693,64716454,8.3956,1.4588,5.7552,0.2385,828181079,30667388,3.0523,1.4588,2.0924,0.113,3247664323,9.6272,72294576,58872880,50990883,52584690,6288190,4974496,6304002,534855,1713371,0.8661,0.8932,0.7891,0.3122,5889835,5596748,4590631,4439641,0.9671,427317383,415490705,11826678,11826166,0,0,0,0.0277,0.0277,0.0,0.0,128811039,125347373,3463666,3463154,901673,0,0,0.0269,0.0269,0.007,0.0,0,0,0,812153,0,0,814201,<error:,<error:,<error:,<error:,2892732,8713,2884019,64563,0,10160,76618,0.997,0.0223,0.0,0.0035,miss,15552688,14717051,835637,831541,302408,0,0,0.0537,0.0535,0.0194,0.0,427317383,427200728,116655,116591,0,0,0,0.0003,0.0003,0.0,0.0,129834034,129787069,46965,46837,0,0,0,0.0004,0.0004,0.0,0.0,0,0x0120000000,1564672,0x0140000000,277104,0x011ff9b000,16384,0x0120025f70,0x011ff97000,0,656,5248k,950763,2661267297,0.0004
run2/ts16384-ta16-bs16-anagram.txt,16384,16,16,anagram,4931,1834,875,959.0,879,1,4931.0,5903,2077,1031,1046.0,1020,12974,0.3801,2.6311,0.455,5.6098,10414,2227,0.8027,0.455,1.7642,0.1717,41711,911,3.215,0.455,7.0661,0.0702,15060,398,1.1608,0.455,2.5512,0.0307,57483,11.6575,1065,879,484,692,187,101,165,11,33,0.5506,0.7873,0.6121,0.3333,175,168,132,90,0.6818,6407,5936,471,177,0,0,0,0.0735,0.0276,0.0,0.0,1874,1608,266,0,0,0,0,0.1419,0.0,0.0,0.0,0,0,0,0,0,0,394,<error:,<error:,<error:,<error:,100,0,100,0,0,0,0,1.0,0.0,0.0,0.0,miss,737,342,395,0,0,0,0,0.536,0.0,0.0,0.0,6407,6390,17,0,0,0,0,0.0027,0.0,0.0,0.0,1883,1873,10,0,0,0,0,0.0053,0.0,0.0,0.0,0,0x0120000000,106496,0x0140000000,71264,0x011ff9b000,16384,0x01200059c0,0x011ff97000,0,20,160k,30,269856,0.0001
run2/ts16384-ta16-bs16-gcc.txt,16384,16,16,gcc,337341091,121898433,83205319,38693114.0,58872880,339,995106.4631,395812760,143420848,100694540,42726308.0,68746515,271328242,1.2433,0.8043,1.4588,5.73,616072442,136214606,2.2706,1.4588,1.5565,0.502,2277930900,64714162,8.3955,1.4588,5.7551,0.2385,828166862,30667116,3.0523,1.4588,2.0923,0.113,3247615338,9.6271,72294575,58872880,50990878,52584691,6288189,4974490,6304002,534855,1713371,0.8661,0.8932,0.7891,0.3122,5889842,5596746,4590631,4439635,0.9671,427317373,415490692,11826681,11826169,0,0,0,0.0277,0.0277,0.0,0.0,128810980,125347322,3463658,3463146,901673,0,0,0.0269,0.0269,0.007,0.0,0,0,0,812119,0,0,814167,<error:,<error:,<error:,<error:,2892724,9636,2883088,61627,0,11268,76748,0.9967,0.0213,0.0,0.0039,miss,15549941,14714559,835382,831286,302365,0,0,0.0537,0.0535,0.0194,0.0,427317373,427200718,116655,116591,0,0,0,0.0003,0.0003,0.0,0.0,129833980,129787016,46964,46836,0,0,0,0.0004,0.0004,0.0,0.0,0,0x0120000000,1564672,0x0140000000,277104,0x011ff9b000,16384,0x0120025f70,0x011ff97000,0,656,5248k,950765,2661267199,0.0004
run2/ts16384-ta16-bs32-anagram.txt,16384,16,32,anagram,4931,1834,875,959.0,879,1,4931.0,5903,2077,1031,1046.0,1020,12974,0.3801,2.6311,0.455,5.6098,10414,2227,0.8027,0.455,1.7642,0.1717,41711,911,3.215,0.455,7.0661,0.0702,15060,398,1.1608,0.455,2.5512,0.0307,57483,11.6575,1065,879,484,692,187,101,165,11,33,0.5506,0.7873,0.6121,0.3333,175,168,132,90,0.6818,6407,5936,471,177,0,0,0,0.0735,0.0276,0.0,0.0,1874,1608,266,0,0,0,0,0.1419,0.0,0.0,0.0,0,0,0,0,0,0,394,<error:,<error:,<error:,<error:,100,0,100,0,0,0,0,1.0,0.0,0.0,0.0,miss,737,342,395,0,0,0,0,0.536,0.0,0.0,0.0,6407,6390,17,0,0,0,0,0.0027,0.0,0.0,0.0,1883,1873,10,0,0,0,0,0.0053,0.0,0.0,0.0,0,0x0120000000,106496,0x0140000000,71264,0x011ff9b000,16384,0x01200059c0,0x011ff97000,0,20,160k,30,269856,0.0001
run2/ts16384-ta16-bs32-gcc.txt,16384,16,32,gcc,337341091,121898433,83205319,38693114.0,58872880,339,995106.4631,395812512,143420747,100694505,42726242.0,68746471,271327866,1.2433,0.8043,1.4588,5.73,616066803,136213202,2.2706,1.4588,1.5565,0.502,2277897857,64712294,8.3954,1.4588,5.755,0.2385,828156770,30667017,3.0522,1.4588,2.0923,0.113,3247581263,9.627,72294515,58872880,50990880,52584693,6288187,4974490,6304002,534855,1713371,0.8661,0.8932,0.7891,0.3122,5889832,5596738,4590631,4439635,0.9671,427317057,415490396,11826661,11826149,0,0,0,0.0277,0.0277,0.0,0.0,128810915,125347256,3463659,3463147,901673,0,0,0.0269,0.0269,0.007,0.0,0,0,0,812197,0,0,814245,<error:,<error:,<error:,<error:,2892724,10893,2881831,57702,0,12750,76943,0.9962,0.0199,0.0,0.0044,miss,15546237,14711068,835169,831073,302316,0,0,0.0537,0.0535,0.0194,0.0,427317057,427200403,116654,116590,0,0,0,0.0003,0.0003,0.0,0.0,129833917,129786953,46964,46836,0,0,0,0.0004,0.0004,0.0,0.0,0,0x0120000000,1564672,0x0140000000,277104,0x011ff9b000,16384,0x0120025f70,0x011ff97000,0,656,5248k,950771,2661266499,0.0004
run2/ts32768-ta04-bs08-anagram.txt,32768,4,8,anagram,4931,1834,875,959.0,879,1,4931.0,5903,2077,1031,1046.0,1020,12974,0.3801,2.6311,0.455,5.6098,10414,2227,0.8027,0.455,1.7642,0.1717,41711,911,3.215,0.455,7.0661,0.0702,15060,398,1.1608,0.455,2.5512,0.0307,57483,11.6575,1065,879,484,692,187,101,165,11,33,0.5506,0.7873,0.6121,0.3333,175,168,132,90,0.6818,6407,5936,471,177,0,0,0,0.0735,0.0276,0.0,0.0,1874,1608,266,0,0,0,0,0.1419,0.0,0.0,0.0,0,0,0,0,0,0,394,<error:,<error:,<error:,<error:,100,0,100,0,0,0,0,1.0,0.0,0.0,0.0,miss,737,342,395,0,0,0,0,0.536,0.0,0.0,0.0,6407,6390,17,0,0,0,0,0.0027,0.0,0.0,0.0,1883,1873,10,0,0,0,0,0.0053,0.0,0.0,0.0,0,0x0120000000,106496,0x0140000000,71264,0x011ff9b000,16384,0x01200059c0,0x011ff97000,0,20,160k,30,269856,0.0001
run2/ts32768-ta04-bs08-gcc.txt,32768,4,8,gcc,337341091,121898433,83205319,38693114.0,58872880,675,499764.5793,395813114,143421121,100694701,42726420.0,68746796,271036389,1.2446,0.8034,1.4604,5.73,615913703,136174579,2.2724,1.4604,1.5561,0.5024,2277306497,64690399,8.4022,1.4604,5.7535,0.2387,827932994,30651960,3.0547,1.4604,2.0917,0.1131,3246945266,9.6251,72294697,58872880,50990953,52584676,6288204,4974582,6304002,534855,1713371,0.8661,0.8932,0.7891,0.3122,5889828,5596760,4590631,4439727,0.9671,427317292,415490632,11826660,11826148,0,0,0,0.0277,0.0277,0.0,0.0,128810989,125347312,3463677,3463165,901675,0,0,0.0269,0.0269,0.007,0.0,0,0,0,795215,0,0,799311,<error:,<error:,<error:,<error:,2892747,9786,2882961,73360,0,12900,87167,0.9966,0.0254,0.0,0.0045,miss,15563144,14724343,838801,834705,302761,0,0,0.0539,0.0536,0.0195,0.0,427317292,427200637,116655,116591,0,0,0,0.0003,0.0003,0.0,0.0,129833991,129787027,46964,46836,0,0,0,0.0004,0.0004,0.0,0.0,0,0x0120000000,1564672,0x0140000000,277104,0x011ff9b000,16384,0x0120025f70,0x011ff97000,0,656,5248k,950785,2661267491,0.0004
run2/ts32768-ta04-bs16-anagram.txt,32768,4,16,anagram,4931,1834,875,959.0,879,1,4931.0,5903,2077,1031,1046.0,1020,12974,0.3801,2.6311,0.455,5.6098,10414,2227,0.8027,0.455,1.7642,0.1717,41711,911,3.215,0.455,7.0661,0.0702,15060,398,1.1608,0.455,2.5512,0.0307,57483,11.6575,1065,879,484,692,187,101,165,11,33,0.5506,0.7873,0.6121,0.3333,175,168,132,90,0.6818,6407,5936,471,177,0,0,0,0.0735,0.0276,0.0,0.0,1874,1608,266,0,0,0,0,0.1419,0.0,0.0,0.0,0,0,0,0,0,0,394,<error:,<error:,<error:,<error:,100,0,100,0,0,0,0,1.0,0.0,0.0,0.0,miss,737,342,395,0,0,0,0,0.536,0.0,0.0,0.0,6407,6390,17,0,0,0,0,0.0027,0.0,0.0,0.0,1883,1873,10,0,0,0,0,0.0053,0.0,0.0,0.0,0,0x0120000000,106496,0x0140000000,71264,0x011ff9b000,16384,0x01200059c0,0x011ff97000,0,20,160k,30,269856,0.0001
run2/ts32768-ta04-bs16-gcc.txt,32768,4,16,gcc,337341091,121898433,83205319,38693114.0,58872880,675,499764.5793,395812901,143421051,100694656,42726395.0,68746747,271033337,1.2446,0.8034,1.4604,5.73,615902255,136171738,2.2724,1.4604,1.556,0.5024,2277254653,64687597,8.4021,1.4604,5.7534,0.2387,827916003,30651592,3.0547,1.4604,2.0917,0.1131,3246886878,9.6249,72294647,58872880,50990957,52584679,6288201,4974583,6304002,534855,1713371,0.8661,0.8932,0.7891,0.3122,5889819,5596757,4590631,4439728,0.9671,427317044,415490390,11826654,11826142,0,0,0,0.0277,0.0277,0.0,0.0,128810873,125347209,3463664,3463152,901676,0,0,0.0269,0.0269,0.007,0.0,0,0,0,795176,0,0,799272,<error:,<error:,<error:,<error:,2892735,10743,2881992,71984,0,14075,87232,0.9963,0.0249,0.0,0.0049,miss,15561975,14723236,838739,834643,302716,0,0,0.0539,0.0536,0.0195,0.0,427317044,427200389,116655,116591,0,0,0,0.0003,0.0003,0.0,0.0,129833877,129786913,46964,46836,0,0,0,0.0004,0.0004,0.0,0.0,0,0x0120000000,1564672,0x0140000000,277104,0x011ff9b000,16384,0x0120025f70,0x011ff97000,0,656,5248k,950785,2661266879,0.0004
run2/ts32768-ta04-bs32-anagram.txt,32768,4,32,anagram,4931,1834,875,959.0,879,1,4931.0,5903,2077,1031,1046.0,1020,12974,0.3801,2.6311,0.455,5.6098,10414,2227,0.8027,0.455,1.7642,0.1717,41711,911,3.215,0.455,7.0661,0.0702,15060,398,1.1608,0.455,2.5512,0.0307,57483,11.6575,1065,879,484,692,187,101,165,11,33,0.5506,0.7873,0.6121,0.3333,175,168,132,90,0.6818,6407,5936,471,177,0,0,0,0.0735,0.0276,0.0,0.0,1874,1608,266,0,0,0,0,0.1419,0.0,0.0,0.0,0,0,0,0,0,0,394,<error:,<error:,<error:,<error:,100,0,100,0,0,0,0,1.0,0.0,0.0,0.0,miss,737,342,395,0,0,0,0,0.536,0.0,0.0,0.0,6407,6390,17,0,0,0,0,0.0027,0.0,0.0,0.0,1883,1873,10,0,0,0,0,0.0053,0.0,0.0,0.0,0,0x0120000000,106496,0x0140000000,71264,0x011ff9b000,16384,0x01200059c0,0x011ff97000,0,20,160k,30,269856,0.0001
run2/ts32768-ta04-bs32-gcc.txt,32768,4,32,gcc,337341091,121898433,83205319,38693114.0,58872880,676,499025.2825,395812660,143420966,100694596,42726370.0,68746699,271030579,1.2447,0.8034,1.4604,5.73,615891003,136168928,2.2724,1.4604,1.556,0.5024,2277202550,64684938,8.402,1.4604,5.7532,0.2387,827899057,30651036,3.0546,1.4604,2.0916,0.1131,3246831940,9.6248,72294596,58872880,50990955,52584680,6288200,4974578,6304002,534855,1713371,0.8661,0.8932,0.7891,0.3122,5889814,5596760,4590631,4439723,0.9671,427316718,415490081,11826637,11826125,0,0,0,0.0277,0.0277,0.0,0.0,128810786,125347122,3463664,3463152,901676,0,0,0.0269,0.0269,0.007,0.0,0,0,0,795174,0,0,799270,<error:,<error:,<error:,<error:,2892734,12037,2880697,70145,0,15621,87294,0.9958,0.0242,0.0,0.0054,miss,15560387,14721739,838648,834552,302648,0,0,0.0539,0.0536,0.0194,0.0,427316718,427200063,116655,116591,0,0,0,0.0003,0.0003,0.0,0.0,129833777,129786813,46964,46836,0,0,0,0.0004,0.0004,0.0,0.0,0,0x0120000000,1564672,0x0140000000,277104,0x011ff9b000,16384,0x0120025f70,0x011ff97000,0,656,5248k,950783,2661266053,0.0004
run2/ts32768-ta08-bs08-anagram.txt,32768,8,8,anagram,4931,1834,875,959.0,879,1,4931.0,5903,2077,1031,1046.0,1020,12974,0.3801,2.6311,0.455,5.6098,10414,2227,0.8027,0.455,1.7642,0.1717,41711,911,3.215,0.455,7.0661,0.0702,15060,398,1.1608,0.455,2.5512,0.0307,57483,11.6575,1065,879,484,692,187,101,165,11,33,0.5506,0.7873,0.6121,0.3333,175,168,132,90,0.6818,6407,5936,471,177,0,0,0,0.0735,0.0276,0.0,0.0,1874,1608,266,0,0,0,0,0.1419,0.0,0.0,0.0,0,0,0,0,0,0,394,<error:,<error:,<error:,<error:,100,0,100,0,0,0,0,1.0,0.0,0.0,0.0,miss,737,342,395,0,0,0,0,0.536,0.0,0.0,0.0,6407,6390,17,0,0,0,0,0.0027,0.0,0.0,0.0,1883,1873,10,0,0,0,0,0.0053,0.0,0.0,0.0,0,0x0120000000,106496,0x0140000000,71264,0x011ff9b000,16384,0x01200059c0,0x011ff97000,0,20,160k,30,269856,0.0001
run2/ts32768-ta08-bs08-gcc.txt,32768,8,8,gcc,337341091,121898433,83205319,38693114.0,58872880,677,498288.1699,395812468,143420683,100694474,42726209.0,68746719,270957045,1.245,0.8032,1.4608,5.73,615755754,136135652,2.2725,1.4608,1.5557,0.5024,2276636575,64653654,8.4022,1.4608,5.7518,0.2386,827703297,30643823,3.0547,1.4608,2.0912,0.1131,3246167743,9.6228,72294627,58872880,50990902,52584682,6288198,4974526,6304002,534855,1713371,0.8661,0.8932,0.7891,0.3122,5889883,5596764,4590631,4439671,0.9671,427316630,415489951,11826679,11826167,0,0,0,0.0277,0.0277,0.0,0.0,128810842,125347143,3463699,3463187,901690,0,0,0.0269,0.0269,0.007,0.0,0,0,0,791538,0,0,795634,<error:,<error:,<error:,<error:,2892770,13763,2879007,108213,0,17316,127616,0.9952,0.0374,0.0,0.006,miss,15598472,14750935,847537,843441,304620,0,0,0.0543,0.0541,0.0195,0.0,427316630,427199970,116660,116596,0,0,0,0.0003,0.0003,0.0,0.0,129833726,129786765,46961,46833,0,0,0,0.0004,0.0004,0.0,0.0,0,0x0120000000,1564672,0x0140000000,277104,0x011ff9b000,16384,0x0120025f70,0x011ff97000,0,656,5248k,950767,2661265547,0.0004
run2/ts32768-ta08-bs16-anagram.txt,32768,8,16,anagram,4931,1834,875,959.0,879,1,4931.0,5903,2077,1031,1046.0,1020,12974,0.3801,2.6311,0.455,5.6098,10414,2227,0.8027,0.455,1.7642,0.1717,41711,911,3.215,0.455,7.0661,0.0702,15060,398,1.1608,0.455,2.5512,0.0307,57483,11.6575,1065,879,484,692,187,101,165,11,33,0.5506,0.7873,0.6121,0.3333,175,168,132,90,0.6818,6407,5936,471,177,0,0,0,0.0735,0.0276,0.0,0.0,1874,1608,266,0,0,0,0,0.1419,0.0,0.0,0.0,0,0,0,0,0,0,394,<error:,<error:,<error:,<error:,100,0,100,0,0,0,0,1.0,0.0,0.0,0.0,miss,737,342,395,0,0,0,0,0.536,0.0,0.0,0.0,6407,6390,17,0,0,0,0,0.0027,0.0,0.0,0.0,1883,1873,10,0,0,0,0,0.0053,0.0,0.0,0.0,0,0x0120000000,106496,0x0140000000,71264,0x011ff9b000,16384,0x01200059c0,0x011ff97000,0,20,160k,30,269856,0.0001
run2/ts32768-ta08-bs16-gcc.txt,32768,8,16,gcc,337341091,121898433,83205319,38693114.0,58872880,388,869435.8015,395812089,143420560,100694386,42726174.0,68746615,270955054,1.245,0.8032,1.4608,5.73,615745907,136133201,2.2725,1.4608,1.5557,0.5024,2276589312,64651197,8.4021,1.4608,5.7517,0.2386,827688051,30643207,3.0547,1.4608,2.0911,0.1131,3246113658,9.6226,72294536,58872880,50990912,52584685,6288195,4974533,6304002,534855,1713371,0.8661,0.8932,0.7891,0.3122,5889871,5596751,4590631,4439678,0.9671,427316187,415489529,11826658,11826146,0,0,0,0.0277,0.0277,0.0,0.0,128810759,125347065,3463694,3463182,901692,0,0,0.0269,0.0269,0.007,0.0,0,0,0,791569,0,0,795665,<error:,<error:,<error:,<error:,2892763,15096,2877667,105714,0,18924,127704,0.9948,0.0365,0.0,0.0065,miss,15596231,14748741,847490,843394,304577,0,0,0.0543,0.0541,0.0195,0.0,427316187,427199527,116660,116596,0,0,0,0.0003,0.0003,0.0,0.0,129833628,129786665,46963,46835,0,0,0,0.0004,0.0004,0.0,0.0,0,0x0120000000,1564672,0x0140000000,277104,0x011ff9b000,16384,0x0120025f70,0x011ff97000,0,656,5248k,950767,2661264391,0.0004
run2/ts32768-ta08-bs32-anagram.txt,32768,8,32,anagram,4931,1834,875,959.0,879,1,4931.0,5903,2077,1031,1046.0,1020,12974,0.3801,2.6311,0.455,5.6098,10414,2227,0.8027,0.455,1.7642,0.1717,41711,911,3.215,0.455,7.0661,0.0702,15060,398,1.1608,0.455,2.5512,0.0307,57483,11.6575,1065,879,484,692,187,101,165,11,33,0.5506,0.7873,0.6121,0.3333,175,168,132,90,0.6818,6407,5936,471,177,0,0,0,0.0735,0.0276,0.0,0.0,1874,1608,266,0,0,0,0,0.1419,0.0,0.0,0.0,0,0,0,0,0,0,394,<error:,<error:,<error:,<error:,100,0,100,0,0,0,0,1.0,0.0,0.0,0.0,miss,737,342,395,0,0,0,0,0.536,0.0,0.0,0.0,6407,6390,17,0,0,0,0,0.0027,0.0,0.0,0.0,1883,1873,10,0,0,0,0,0.0053,0.0,0.0,0.0,0,0x0120000000,106496,0x0140000000,71264,0x011ff9b000,16384,0x01200059c0,0x011ff97000,0,20,160k,30,269856,0.0001
run2/ts32768-ta08-bs32-gcc.txt,32768,8,32,gcc,337341091,121898433,83205319,38693114.0,58872880,660,511122.8652,395811710,143420439,100694307,42726132.0,68746527,270950426,1.245,0.8032,1.4608,5.73,615727954,136128734,2.2725,1.4608,1.5556,0.5024,2276510801,64647319,8.4019,1.4608,5.7515,0.2386,827659727,30642175,3.0547,1.4608,2.091,0.1131,3246026953,9.6224,72294450,58872880,50990898,52584684,6288196,4974520,6304002,534855,1713371,0.8661,0.8932,0.7891,0.3122,5889858,5596736,4590631,4439665,0.9671,427315766,415489126,11826640,11826128,0,0,0,0.0277,0.0277,0.0,0.0,128810544,125346854,3463690,3463178,901693,0,0,0.0269,0.0269,0.007,0.0,0,0,0,791545,0,0,795641,<error:,<error:,<error:,<error:,2892753,16775,2875978,102360,0,20915,127727,0.9942,0.0354,0.0,0.0072,miss,15593190,14745893,847297,843201,304419,0,0,0.0543,0.0541,0.0195,0.0,427315766,427199106,116660,116596,0,0,0,0.0003,0.0003,0.0,0.0,129833415,129786452,46963,46835,0,0,0,0.0004,0.0004,0.0,0.0,0,0x0120000000,1564672,0x0140000000,277104,0x011ff9b000,16384,0x0120025f70,0x011ff97000,0,656,5248k,950773,2661263303,0.0004
run2/ts32768-ta16-bs08-anagram.txt,32768,16,8,anagram,4931,1834,875,959.0,879,1,4931.0,5903,2077,1031,1046.0,1020,12974,0.3801,2.6311,0.455,5.6098,10414,2227,0.8027,0.455,1.7642,0.1717,41711,911,3.215,0.455,7.0661,0.0702,15060,398,1.1608,0.455,2.5512,0.0307,57483,11.6575,1065,879,484,692,187,101,165,11,33,0.5506,0.7873,0.6121,0.3333,175,168,132,90,0.6818,6407,5936,471,177,0,0,0,0.0735,0.0276,0.0,0.0,1874,1608,266,0,0,0,0,0.1419,0.0,0.0,0.0,0,0,0,0,0,0,394,<error:,<error:,<error:,<error:,100,0,100,0,0,0,0,1.0,0.0,0.0,0.0,miss,737,342,395,0,0,0,0,0.536,0.0,0.0,0.0,6407,6390,17,0,0,0,0,0.0027,0.0,0.0,0.0,1883,1873,10,0,0,0,0,0.0053,0.0,0.0,0.0,0,0x0120000000,106496,0x0140000000,71264,0x011ff9b000,16384,0x01200059c0,0x011ff97000,0,20,160k,30,269856,0.0001
run2/ts32768-ta16-bs08-gcc.txt,32768,16,8,gcc,337341091,121898433,83205319,38693114.0,58872880,354,952940.935,395812271,143420599,100694339,42726260.0,68746459,270983949,1.2449,0.8033,1.4606,5.73,615690642,136119804,2.2721,1.4606,1.5555,0.5023,2276352897,64638162,8.4003,1.4606,5.7511,0.2385,827605229,30640902,3.0541,1.4606,2.0909,0.1131,3245805588,9.6217,72294279,58872880,50990940,52584694,6288186,4974550,6304002,534855,1713371,0.8661,0.8932,0.7891,0.3122,5889816,5596726,4590631,4439695,0.9671,427315896,415489286,11826610,11826098,0,0,0,0.0277,0.0277,0.0,0.0,128810870,125347209,3463661,3463149,901685,0,0,0.0269,0.0269,0.007,0.0,0,0,0,793029,0,0,797125,<error:,<error:,<error:,<error:,2892723,15748,2876975,130313,0,19492,152854,0.9946,0.045,0.0,0.0067,miss,15620666,14767444,853222,849126,305792,0,0,0.0546,0.0544,0.0196,0.0,427315896,427199246,116650,116586,0,0,0,0.0003,0.0003,0.0,0.0,129833756,129786787,46969,46841,0,0,0,0.0004,0.0004,0.0,0.0,0,0x0120000000,1564672,0x0140000000,277104,0x011ff9b000,16384,0x0120025f70,0x011ff97000,0,656,5248k,950761,2661263733,0.0004
run2/ts32768-ta16-bs16-anagram.txt,32768,16,16,anagram,4931,1834,875,959.0,879,1,4931.0,5903,2077,1031,1046.0,1020,12974,0.3801,2.6311,0.455,5.6098,10414,2227,0.8027,0.455,1.7642,0.1717,41711,911,3.215,0.455,7.0661,0.0702,15060,398,1.1608,0.455,2.5512,0.0307,57483,11.6575,1065,879,484,692,187,101,165,11,33,0.5506,0.7873,0.6121,0.3333,175,168,132,90,0.6818,6407,5936,471,177,0,0,0,0.0735,0.0276,0.0,0.0,1874,1608,266,0,0,0,0,0.1419,0.0,0.0,0.0,0,0,0,0,0,0,394,<error:,<error:,<error:,<error:,100,0,100,0,0,0,0,1.0,0.0,0.0,0.0,miss,737,342,395,0,0,0,0,0.536,0.0,0.0,0.0,6407,6390,17,0,0,0,0,0.0027,0.0,0.0,0.0,1883,1873,10,0,0,0,0,0.0053,0.0,0.0,0.0,0,0x0120000000,106496,0x0140000000,71264,0x011ff9b000,16384,0x01200059c0,0x011ff97000,0,20,160k,30,269856,0.0001
run2/ts32768-ta16-bs16-gcc.txt,32768,16,16,gcc,337341091,121898433,83205319,38693114.0,58872880,356,947587.3343,395811952,143420512,100694293,42726219.0,68746374,270980035,1.2449,0.8033,1.4607,5.73,615676941,136116482,2.272,1.4607,1.5555,0.5023,2276283446,64634647,8.4002,1.4607,5.7509,0.2385,827584231,30640154,3.054,1.4607,2.0909,0.1131,3245724217,9.6215,72294208,58872880,50990944,52584695,6288185,4974553,6304002,534855,1713371,0.8661,0.8932,0.7891,0.3122,5889815,5596722,4590631,4439698,0.9671,427315523,415488934,11826589,11826077,0,0,0,0.0277,0.0277,0.0,0.0,128810801,125347147,3463654,3463142,901688,0,0,0.0269,0.0269,0.007,0.0,0,0,0,792992,0,0,797088,<error:,<error:,<error:,<error:,2892713,17388,2875325,126734,0,21429,152899,0.994,0.0438,0.0,0.0074,miss,15617363,14764336,853027,848931,305743,0,0,0.0546,0.0544,0.0196,0.0,427315523,427198873,116650,116586,0,0,0,0.0003,0.0003,0.0,0.0,129833666,129786697,46969,46841,0,0,0,0.0004,0.0004,0.0,0.0,0,0x0120000000,1564672,0x0140000000,277104,0x011ff9b000,16384,0x0120025f70,0x011ff97000,0,656,5248k,950763,2661262835,0.0004
run2/ts32768-ta16-bs32-anagram.txt,32768,16,32,anagram,4931,1834,875,959.0,879,1,4931.0,5903,2077,1031,1046.0,1020,12974,0.3801,2.6311,0.455,5.6098,10414,2227,0.8027,0.455,1.7642,0.1717,41711,911,3.215,0.455,7.0661,0.0702,15060,398,1.1608,0.455,2.5512,0.0307,57483,11.6575,1065,879,484,692,187,101,165,11,33,0.5506,0.7873,0.6121,0.3333,175,168,132,90,0.6818,6407,5936,471,177,0,0,0,0.0735,0.0276,0.0,0.0,1874,1608,266,0,0,0,0,0.1419,0.0,0.0,0.0,0,0,0,0,0,0,394,<error:,<error:,<error:,<error:,100,0,100,0,0,0,0,1.0,0.0,0.0,0.0,miss,737,342,395,0,0,0,0,0.536,0.0,0.0,0.0,6407,6390,17,0,0,0,0,0.0027,0.0,0.0,0.0,1883,1873,10,0,0,0,0,0.0053,0.0,0.0,0.0,0,0x0120000000,106496,0x0140000000,71264,0x011ff9b000,16384,0x01200059c0,0x011ff97000,0,20,160k,30,269856,0.0001
run2/ts32768-ta16-bs32-gcc.txt,32768,16,32,gcc,337341091,121898433,83205319,38693114.0,58872880,660,511122.8652,395811599,143420398,100694200,42726198.0,68746311,270973679,1.2449,0.8033,1.4607,5.73,615652561,136110574,2.272,1.4607,1.5554,0.5023,2276177359,64628753,8.4,1.4607,5.7507,0.2385,827546711,30638808,3.054,1.4607,2.0908,0.1131,3245619651,9.6212,72294138,58872880,50990947,52584692,6288188,4974559,6304002,534855,1713371,0.8661,0.8932,0.7891,0.3122,5889774,5596717,4590631,4439704,0.9671,427315185,415488616,11826569,11826057,0,0,0,0.0277,0.0277,0.0,0.0,128810540,125346883,3463657,3463145,901687,0,0,0.0269,0.0269,0.007,0.0,0,0,0,792926,0,0,797022,<error:,<error:,<error:,<error:,2892713,19296,2873417,121967,0,23658,153091,0.9933,0.0422,0.0,0.0082,miss,15612920,14760262,852658,848562,305555,0,0,0.0546,0.0543,0.0196,0.0,427315185,427198535,116650,116586,0,0,0,0.0003,0.0003,0.0,0.0,129833426,129786460,46966,46838,0,0,0,0.0004,0.0004,0.0,0.0,0,0x0120000000,1564672,0x0140000000,277104,0x011ff9b000,16384,0x0120025f70,0x011ff97000,0,656,5248k,950767,2661261837,0.0004
run2/ts65536-ta04-bs08-anagram.txt,65536,4,8,anagram,4931,1834,875,959.0,879,1,4931.0,5903,2077,1031,1046.0,1020,12974,0.3801,2.6311,0.455,5.6098,10414,2227,0.8027,0.455,1.7642,0.1717,41711,911,3.215,0.455,7.0661,0.0702,15060,398,1.1608,0.455,2.5512,0.0307,57483,11.6575,1065,879,484,692,187,101,165,11,33,0.5506,0.7873,0.6121,0.3333,175,168,132,90,0.6818,6407,5936,471,177,0,0,0,0.0735,0.0276,0.0,0.0,1874,1608,266,0,0,0,0,0.1419,0.0,0.0,0.0,0,0,0,0,0,0,394,<error:,<error:,<error:,<error:,100,0,100,0,0,0,0,1.0,0.0,0.0,0.0,miss,737,342,395,0,0,0,0,0.536,0.0,0.0,0.0,6407,6390,17,0,0,0,0,0.0027,0.0,0.0,0.0,1883,1873,10,0,0,0,0,0.0053,0.0,0.0,0.0,0,0x0120000000,106496,0x0140000000,71264,0x011ff9b000,16384,0x01200059c0,0x011ff97000,0,20,160k,30,269856,0.0001
run2/ts65536-ta04-bs08-gcc.txt,65536,4,8,gcc,337341091,121898433,83205319,38693114.0,58872880,369,914203.4986,395812502,143420988,100694775,42726213.0,68747100,269153647,1.2533,0.7979,1.4706,5.73,614896722,135922676,2.2846,1.4706,1.5535,0.505,2272668828,64467897,8.4438,1.4706,5.7418,0.2395,826428920,30602152,3.0705,1.4706,2.0879,0.1137,3242094310,9.6107,72295019,58872880,50990844,52584684,6288196,4974477,6304002,534855,1713371,0.8661,0.8932,0.7891,0.3122,5890101,5596757,4590631,4439622,0.9671,427315657,415489155,11826502,11825990,0,0,0,0.0277,0.0277,0.0,0.0,128810213,125346527,3463686,3463174,901682,0,0,0.0269,0.0269,0.007,0.0,0,0,0,695456,0,0,703648,<error:,<error:,<error:,<error:,2892765,24159,2868606,266182,0,35963,312154,0.9916,0.092,0.0,0.0124,miss,15764489,14880529,883960,879864,309005,0,0,0.0561,0.0558,0.0196,0.0,427315657,427198977,116680,116616,0,0,0,0.0003,0.0003,0.0,0.0,129832951,129785990,46961,46833,0,0,0,0.0004,0.0004,0.0,0.0,0,0x0120000000,1564672,0x0140000000,277104,0x011ff9b000,16384,0x0120025f70,0x011ff97000,0,656,5248k,950841,2661264425,0.0004
run2/ts65536-ta04-bs16-anagram.txt,65536,4,16,anagram,4931,1834,875,959.0,879,1,4931.0,5903,2077,1031,1046.0,1020,12974,0.3801,2.6311,0.455,5.6098,10414,2227,0.8027,0.455,1.7642,0.1717,41711,911,3.215,0.455,7.0661,0.0702,15060,398,1.1608,0.455,2.5512,0.0307,57483,11.6575,1065,879,484,692,187,101,165,11,33,0.5506,0.7873,0.6121,0.3333,175,168,132,90,0.6818,6407,5936,471,177,0,0,0,0.0735,0.0276,0.0,0.0,1874,1608,266,0,0,0,0,0.1419,0.0,0.0,0.0,0,0,0,0,0,0,394,<error:,<error:,<error:,<error:,100,0,100,0,0,0,0,1.0,0.0,0.0,0.0,miss,737,342,395,0,0,0,0,0.536,0.0,0.0,0.0,6407,6390,17,0,0,0,0,0.0027,0.0,0.0,0.0,1883,1873,10,0,0,0,0,0.0053,0.0,0.0,0.0,0,0x0120000000,106496,0x0140000000,71264,0x011ff9b000,16384,0x01200059c0,0x011ff97000,0,20,160k,30,269856,0.0001
run2/ts65536-ta04-bs16-gcc.txt,65536,4,16,gcc,337341091,121898433,83205319,38693114.0,58872880,675,499764.5793,395812527,143421077,100694873,42726204.0,68746939,269156519,1.2533,0.7979,1.4706,5.73,614886427,135919716,2.2845,1.4706,1.5535,0.505,2272604428,64464607,8.4434,1.4706,5.7416,0.2395,826419526,30603719,3.0704,1.4706,2.0879,0.1137,3242038154,9.6106,72294921,58872880,50990800,52584681,6288199,4974432,6304002,534855,1713371,0.8661,0.8932,0.7891,0.3122,5890116,5596762,4590631,4439577,0.9671,427315548,415489087,11826461,11825949,0,0,0,0.0277,0.0277,0.0,0.0,128810130,125346443,3463687,3463175,901685,0,0,0.0269,0.0269,0.007,0.0,0,0,0,695760,0,0,703952,<error:,<error:,<error:,<error:,2892769,26170,2866599,262475,0,38681,312461,0.991,0.0907,0.0,0.0134,miss,15761456,14877318,884138,880042,308875,0,0,0.0561,0.0558,0.0196,0.0,427315548,427198890,116658,116594,0,0,0,0.0003,0.0003,0.0,0.0,129832882,129785914,46968,46840,0,0,0,0.0004,0.0004,0.0,0.0,0,0x0120000000,1564672,0x0140000000,277104,0x011ff9b000,16384,0x0120025f70,0x011ff97000,0,656,5248k,950845,2661264567,0.0004
run2/ts65536-ta04-bs32-anagram.txt,65536,4,32,anagram,4931,1834,875,959.0,879,1,4931.0,5903,2077,1031,1046.0,1020,12974,0.3801,2.6311,0.455,5.6098,10414,2227,0.8027,0.455,1.7642,0.1717,41711,911,3.215,0.455,7.0661,0.0702,15060,398,1.1608,0.455,2.5512,0.0307,57483,11.6575,1065,879,484,692,187,101,165,11,33,0.5506,0.7873,0.6121,0.3333,175,168,132,90,0.6818,6407,5936,471,177,0,0,0,0.0735,0.0276,0.0,0.0,1874,1608,266,0,0,0,0,0.1419,0.0,0.0,0.0,0,0,0,0,0,0,394,<error:,<error:,<error:,<error:,100,0,100,0,0,0,0,1.0,0.0,0.0,0.0,miss,737,342,395,0,0,0,0,0.536,0.0,0.0,0.0,6407,6390,17,0,0,0,0,0.0027,0.0,0.0,0.0,1883,1873,10,0,0,0,0,0.0053,0.0,0.0,0.0,0,0x0120000000,106496,0x0140000000,71264,0x011ff9b000,16384,0x01200059c0,0x011ff97000,0,20,160k,30,269856,0.0001
run2/ts65536-ta04-bs32-gcc.txt,65536,4,32,gcc,337341091,121898433,83205319,38693114.0,58872880,677,498288.1699,395812045,143420862,100694768,42726094.0,68746918,269143107,1.2534,0.7978,1.4706,5.73,614842363,135908817,2.2844,1.4706,1.5534,0.505,2272410413,64454674,8.4431,1.4706,5.7411,0.2395,826342215,30600563,3.0703,1.4706,2.0877,0.1137,3241806209,9.6099,72294863,58872880,50990839,52584692,6288188,4974464,6304002,534855,1713371,0.8661,0.8932,0.7891,0.3122,5890103,5596767,4590631,4439609,0.9671,427314849,415488406,11826443,11825931,0,0,0,0.0277,0.0277,0.0,0.0,128809897,125346218,3463679,3463167,901682,0,0,0.0269,0.0269,0.007,0.0,0,0,0,695441,0,0,703633,<error:,<error:,<error:,<error:,2892768,28498,2864270,257456,0,41767,312324,0.9901,0.089,0.0,0.0144,miss,15757171,14873653,883518,879422,308449,0,0,0.0561,0.0558,0.0196,0.0,427314849,427198177,116672,116608,0,0,0,0.0003,0.0003,0.0,0.0,129832630,129785663,46967,46839,0,0,0,0.0004,0.0004,0.0,0.0,0,0x0120000000,1564672,0x0140000000,277104,0x011ff9b000,16384,0x0120025f70,0x011ff97000,0,656,5248k,950829,2661262905,0.0004
run2/ts65536-ta08-bs08-anagram.txt,65536,8,8,anagram,4931,1834,875,959.0,879,1,4931.0,5903,2077,1031,1046.0,1020,12974,0.3801,2.6311,0.455,5.6098,10414,2227,0.8027,0.455,1.7642,0.1717,41711,911,3.215,0.455,7.0661,0.0702,15060,398,1.1608,0.455,2.5512,0.0307,57483,11.6575,1065,879,484,692,187,101,165,11,33,0.5506,0.7873,0.6121,0.3333,175,168,132,90,0.6818,6407,5936,471,177,0,0,0,0.0735,0.0276,0.0,0.0,1874,1608,266,0,0,0,0,0.1419,0.0,0.0,0.0,0,0,0,0,0,0,394,<error:,<error:,<error:,<error:,100,0,100,0,0,0,0,1.0,0.0,0.0,0.0,miss,737,342,395,0,0,0,0,0.536,0.0,0.0,0.0,6407,6390,17,0,0,0,0,0.0027,0.0,0.0,0.0,1883,1873,10,0,0,0,0,0.0053,0.0,0.0,0.0,0,0x0120000000,106496,0x0140000000,71264,0x011ff9b000,16384,0x01200059c0,0x011ff97000,0,20,160k,30,269856,0.0001
run2/ts65536-ta08-bs08-gcc.txt,65536,8,8,gcc,337341091,121898433,83205319,38693114.0,58872880,688,490321.3532,395812439,143421050,100694814,42726236.0,68747119,269195927,1.2531,0.798,1.4704,5.73,614911059,135925629,2.2843,1.4704,1.5535,0.5049,2272756326,64474635,8.4428,1.4704,5.742,0.2395,826450279,30601810,3.0701,1.4704,2.088,0.1137,3242190923,9.611,72295024,58872880,50990872,52584697,6288183,4974471,6304002,534855,1713371,0.8661,0.8932,0.7891,0.3122,5890055,5596791,4590631,4439616,0.9671,427315522,415489042,11826480,11825968,0,0,0,0.0277,0.0277,0.0,0.0,128810099,125346396,3463703,3463191,901702,0,0,0.0269,0.0269,0.007,0.0,0,0,0,697490,0,0,705682,<error:,<error:,<error:,<error:,2892786,24000,2868786,264288,0,35985,308787,0.9917,0.0914,0.0,0.0124,miss,15762766,14879833,882933,878837,308923,0,0,0.056,0.0558,0.0196,0.0,427315522,427198868,116654,116590,0,0,0,0.0003,0.0003,0.0,0.0,129832839,129785882,46957,46829,0,0,0,0.0004,0.0004,0.0,0.0,0,0x0120000000,1564672,0x0140000000,277104,0x011ff9b000,16384,0x0120025f70,0x011ff97000,0,656,5248k,950855,2661264455,0.0004
run2/ts65536-ta08-bs16-anagram.txt,65536,8,16,anagram,4931,1834,875,959.0,879,1,4931.0,5903,2077,1031,1046.0,1020,12974,0.3801,2.6311,0.455,5.6098,10414,2227,0.8027,0.455,1.7642,0.1717,41711,911,3.215,0.455,7.0661,0.0702,15060,398,1.1608,0.455,2.5512,0.0307,57483,11.6575,1065,879,484,692,187,101,165,11,33,0.5506,0.7873,0.6121,0.3333,175,168,132,90,0.6818,6407,5936,471,177,0,0,0,0.0735,0.0276,0.0,0.0,1874,1608,266,0,0,0,0,0.1419,0.0,0.0,0.0,0,0,0,0,0,0,394,<error:,<error:,<error:,<error:,100,0,100,0,0,0,0,1.0,0.0,0.0,0.0,miss,737,342,395,0,0,0,0,0.536,0.0,0.0,0.0,6407,6390,17,0,0,0,0,0.0027,0.0,0.0,0.0,1883,1873,10,0,0,0,0,0.0053,0.0,0.0,0.0,0,0x0120000000,106496,0x0140000000,71264,0x011ff9b000,16384,0x01200059c0,0x011ff97000,0,20,160k,30,269856,0.0001
run2/ts65536-ta08-bs16-gcc.txt,65536,8,16,gcc,337341091,121898433,83205319,38693114.0,58872880,382,883091.8613,395812745,143421312,100695074,42726238.0,68747074,269192799,1.2532,0.798,1.4704,5.73,614895539,135921813,2.2842,1.4704,1.5535,0.5049,2272688372,64472010,8.4426,1.4704,5.7418,0.2395,826416382,30599262,3.07,1.4704,2.0879,0.1137,3242078520,9.6107,72294976,58872880,50990848,52584688,6288192,4974459,6304002,534855,1713371,0.8661,0.8932,0.7891,0.3122,5890058,5596814,4590631,4439604,0.9671,427315951,415489473,11826478,11825966,0,0,0,0.0277,0.0277,0.0,0.0,128810210,125346525,3463685,3463173,901695,0,0,0.0269,0.0269,0.007,0.0,0,0,0,697530,0,0,705722,<error:,<error:,<error:,<error:,2892766,26030,2866736,260984,0,38748,309411,0.991,0.0902,0.0,0.0134,miss,15760191,14876835,883356,879260,308949,0,0,0.056,0.0558,0.0196,0.0,427315951,427199290,116661,116597,0,0,0,0.0003,0.0003,0.0,0.0,129832942,129785984,46958,46830,0,0,0,0.0004,0.0004,0.0,0.0,0,0x0120000000,1564672,0x0140000000,277104,0x011ff9b000,16384,0x0120025f70,0x011ff97000,0,656,5248k,950835,2661266169,0.0004
run2/ts65536-ta08-bs32-anagram.txt,65536,8,32,anagram,4931,1834,875,959.0,879,1,4931.0,5903,2077,1031,1046.0,1020,12974,0.3801,2.6311,0.455,5.6098,10414,2227,0.8027,0.455,1.7642,0.1717,41711,911,3.215,0.455,7.0661,0.0702,15060,398,1.1608,0.455,2.5512,0.0307,57483,11.6575,1065,879,484,692,187,101,165,11,33,0.5506,0.7873,0.6121,0.3333,175,168,132,90,0.6818,6407,5936,471,177,0,0,0,0.0735,0.0276,0.0,0.0,1874,1608,266,0,0,0,0,0.1419,0.0,0.0,0.0,0,0,0,0,0,0,394,<error:,<error:,<error:,<error:,100,0,100,0,0,0,0,1.0,0.0,0.0,0.0,miss,737,342,395,0,0,0,0,0.536,0.0,0.0,0.0,6407,6390,17,0,0,0,0,0.0027,0.0,0.0,0.0,1883,1873,10,0,0,0,0,0.0053,0.0,0.0,0.0,0,0x0120000000,106496,0x0140000000,71264,0x011ff9b000,16384,0x01200059c0,0x011ff97000,0,20,160k,30,269856,0.0001
run2/ts65536-ta08-bs32-gcc.txt,65536,8,32,gcc,337341091,121898433,83205319,38693114.0,58872880,612,551210.933,395811872,143420931,100694744,42726187.0,68747008,269186836,1.2532,0.798,1.4704,5.73,614881538,135918636,2.2842,1.4704,1.5535,0.5049,2272576077,64465062,8.4424,1.4704,5.7416,0.2395,826389575,30601167,3.0699,1.4704,2.0878,0.1137,3241984835,9.6104,72294877,58872880,50990865,52584681,6288199,4974479,6304002,534855,1713371,0.8661,0.8932,0.7891,0.3122,5890079,5596768,4590631,4439624,0.9671,427314593,415488113,11826480,11825968,0,0,0,0.0277,0.0277,0.0,0.0,128809869,125346195,3463674,3463162,901697,0,0,0.0269,0.0269,0.007,0.0,0,0,0,697527,0,0,705719,<error:,<error:,<error:,<error:,2892757,28440,2864317,256201,0,41791,309155,0.9902,0.0886,0.0,0.0144,miss,15756044,14872993,883051,878955,308778,0,0,0.056,0.0558,0.0196,0.0,427314593,427197939,116654,116590,0,0,0,0.0003,0.0003,0.0,0.0,129832587,129785629,46958,46830,0,0,0,0.0004,0.0004,0.0,0.0,0,0x0120000000,1564672,0x0140000000,277104,0x011ff9b000,16384,0x0120025f70,0x011ff97000,0,656,5248k,950859,2661262165,0.0004
run2/ts65536-ta16-bs08-anagram.txt,65536,16,8,anagram,4931,1834,875,959.0,879,1,4931.0,5903,2077,1031,1046.0,1020,12974,0.3801,2.6311,0.455,5.6098,10414,2227,0.8027,0.455,1.7642,0.1717,41711,911,3.215,0.455,7.0661,0.0702,15060,398,1.1608,0.455,2.5512,0.0307,57483,11.6575,1065,879,484,692,187,101,165,11,33,0.5506,0.7873,0.6121,0.3333,175,168,132,90,0.6818,6407,5936,471,177,0,0,0,0.0735,0.0276,0.0,0.0,1874,1608,266,0,0,0,0,0.1419,0.0,0.0,0.0,0,0,0,0,0,0,394,<error:,<error:,<error:,<error:,100,0,100,0,0,0,0,1.0,0.0,0.0,0.0,miss,737,342,395,0,0,0,0,0.536,0.0,0.0,0.0,6407,6390,17,0,0,0,0,0.0027,0.0,0.0,0.0,1883,1873,10,0,0,0,0,0.0053,0.0,0.0,0.0,0,0x0120000000,106496,0x0140000000,71264,0x011ff9b000,16384,0x01200059c0,0x011ff97000,0,20,160k,30,269856,0.0001
run2/ts65536-ta16-bs08-gcc.txt,65536,16,8,gcc,337341091,121898433,83205319,38693114.0,58872880,344,980642.7064,395812730,143421146,100695076,42726070.0,68747045,269150635,1.2534,0.7979,1.4706,5.73,614829366,135905342,2.2843,1.4706,1.5533,0.5049,2272378049,64457434,8.4428,1.4706,5.741,0.2395,826311032,30594744,3.0701,1.4706,2.0876,0.1137,3241732720,9.6097,72294957,58872880,50990756,52584686,6288194,4974376,6304002,534855,1713371,0.8661,0.8932,0.7891,0.3122,5890173,5596781,4590631,4439521,0.9671,427315705,415489199,11826506,11825994,0,0,0,0.0277,0.0277,0.0,0.0,128810227,125346537,3463690,3463178,901704,0,0,0.0269,0.0269,0.007,0.0,0,0,0,695364,0,0,703556,<error:,<error:,<error:,<error:,2892763,27253,2865510,306289,0,39044,354853,0.9906,0.1059,0.0,0.0135,miss,15804597,14909124,895473,891377,311360,0,0,0.0567,0.0564,0.0197,0.0,427315705,427199023,116682,116618,0,0,0,0.0003,0.0003,0.0,0.0,129832853,129785886,46967,46839,0,0,0,0.0004,0.0004,0.0,0.0,0,0x0120000000,1564672,0x0140000000,277104,0x011ff9b000,16384,0x0120025f70,0x011ff97000,0,656,5248k,950829,2661265953,0.0004
run2/ts65536-ta16-bs16-anagram.txt,65536,16,16,anagram,4931,1834,875,959.0,879,1,4931.0,5903,2077,1031,1046.0,1020,12974,0.3801,2.6311,0.455,5.6098,10414,2227,0.8027,0.455,1.7642,0.1717,41711,911,3.215,0.455,7.0661,0.0702,15060,398,1.1608,0.455,2.5512,0.0307,57483,11.6575,1065,879,484,692,187,101,165,11,33,0.5506,0.7873,0.6121,0.3333,175,168,132,90,0.6818,6407,5936,471,177,0,0,0,0.0735,0.0276,0.0,0.0,1874,1608,266,0,0,0,0,0.1419,0.0,0.0,0.0,0,0,0,0,0,0,394,<error:,<error:,<error:,<error:,100,0,100,0,0,0,0,1.0,0.0,0.0,0.0,miss,737,342,395,0,0,0,0,0.536,0.0,0.0,0.0,6407,6390,17,0,0,0,0,0.0027,0.0,0.0,0.0,1883,1873,10,0,0,0,0,0.0053,0.0,0.0,0.0,0,0x0120000000,106496,0x0140000000,71264,0x011ff9b000,16384,0x01200059c0,0x011ff97000,0,20,160k,30,269856,0.0001
run2/ts65536-ta16-bs16-gcc.txt,65536,16,16,gcc,337341091,121898433,83205319,38693114.0,58872880,347,972164.5274,395812644,143421150,100695115,42726035.0,68747063,269144459,1.2534,0.7978,1.4706,5.73,614809683,135900650,2.2843,1.4706,1.5533,0.5049,2272276877,64452710,8.4426,1.4706,5.7408,0.2395,826275232,30593979,3.07,1.4706,2.0875,0.1137,3241541502,9.6091,72294933,58872880,50990766,52584700,6288180,4974366,6304002,534855,1713371,0.8661,0.8932,0.7891,0.3122,5890184,5596758,4590631,4439511,0.9671,427315382,415488836,11826546,11826034,0,0,0,0.0277,0.0277,0.0,0.0,128810072,125346395,3463677,3463165,901697,0,0,0.0269,0.0269,0.007,0.0,0,0,0,695352,0,0,703544,<error:,<error:,<error:,<error:,2892749,29428,2863321,301210,0,41955,354388,0.9898,0.1041,0.0,0.0145,miss,15800281,14904796,895485,891389,311227,0,0,0.0567,0.0564,0.0197,0.0,427315382,427198700,116682,116618,0,0,0,0.0003,0.0003,0.0,0.0,129832677,129785713,46964,46836,0,0,0,0.0004,0.0004,0.0,0.0,0,0x0120000000,1564672,0x0140000000,277104,0x011ff9b000,16384,0x0120025f70,0x011ff97000,0,656,5248k,950855,2661265305,0.0004
run2/ts65536-ta16-bs32-anagram.txt,65536,16,32,anagram,4931,1834,875,959.0,879,1,4931.0,5903,2077,1031,1046.0,1020,12974,0.3801,2.6311,0.455,5.6098,10414,2227,0.8027,0.455,1.7642,0.1717,41711,911,3.215,0.455,7.0661,0.0702,15060,398,1.1608,0.455,2.5512,0.0307,57483,11.6575,1065,879,484,692,187,101,165,11,33,0.5506,0.7873,0.6121,0.3333,175,168,132,90,0.6818,6407,5936,471,177,0,0,0,0.0735,0.0276,0.0,0.0,1874,1608,266,0,0,0,0,0.1419,0.0,0.0,0.0,0,0,0,0,0,0,394,<error:,<error:,<error:,<error:,100,0,100,0,0,0,0,1.0,0.0,0.0,0.0,miss,737,342,395,0,0,0,0,0.536,0.0,0.0,0.0,6407,6390,17,0,0,0,0,0.0027,0.0,0.0,0.0,1883,1873,10,0,0,0,0,0.0053,0.0,0.0,0.0,0,0x0120000000,106496,0x0140000000,71264,0x011ff9b000,16384,0x01200059c0,0x011ff97000,0,20,160k,30,269856,0.0001
run2/ts65536-ta16-bs32-gcc.txt,65536,16,32,gcc,337341091,121898433,83205319,38693114.0,58872880,349,966593.384,395812487,143421051,100695049,42726002.0,68746926,269142122,1.2534,0.7978,1.4706,5.73,614790689,135895777,2.2843,1.4706,1.5532,0.5049,2272207799,64448077,8.4424,1.4706,5.7406,0.2395,826252377,30592483,3.0699,1.4706,2.0875,0.1137,3241499687,9.609,72294964,58872880,50990784,52584679,6288201,4974403,6304002,534855,1713371,0.8661,0.8932,0.7891,0.3122,5890156,5596762,4590631,4439548,0.9671,427315275,415488718,11826557,11826045,0,0,0,0.0277,0.0277,0.0,0.0,128809934,125346252,3463682,3463170,901703,0,0,0.0269,0.0269,0.007,0.0,0,0,0,695464,0,0,703656,<error:,<error:,<error:,<error:,2892756,32240,2860516,295000,0,45556,354630,0.9889,0.102,0.0,0.0157,miss,15794886,14899492,895394,891298,311120,0,0,0.0567,0.0564,0.0197,0.0,427315275,427198606,116669,116605,0,0,0,0.0003,0.0003,0.0,0.0,129832539,129785579,46960,46832,0,0,0,0.0004,0.0004,0.0,0.0,0,0x0120000000,1564672,0x0140000000,277104,0x011ff9b000,16384,0x0120025f70,0x011ff97000,0,656,5248k,950857,2661264975,0.0004
